MODEL,CreatedDate
IONIQ 5 ELECTRIC PRESTIGE 2WD 77KWH,01/06/2023
IONIQ 5 ELECTRIC PRESTIGE 2WD,01/06/2023
IONIQ 5 ELECTRIC PRESTIGE 2WD,02/06/2023
IONIQ 5 ELECTRIC INSPIRATION AWD,02/06/2023
IONIQ 5 ELECTRIC PRESTIGE 2WD,02/06/2023
TUCSON 1.6 TURBO HYBRID (S/R),02/06/2023
IONIQ 5 ELECTRIC PRESTIGE 2WD,02/06/2023
SANTA FE 1.6 TURBO HYBRID (S/R),02/06/2023
IONIQ 6 ELECTRIC AWD,02/06/2023
IONIQ 6 ELECTRIC AWD,03/06/2023
IONIQ 5 ELECTRIC PRESTIGE 2WD,03/06/2023
IONIQ 5 ELECTRIC PRESTIGE 2WD,03/06/2023
IONIQ 5 ELECTRIC PRESTIGE 2WD,03/06/2023
KONA 1.6 DCT HYBRID ELITE (S/R),03/06/2023
IONIQ 5 ELECTRIC PRESTIGE 2WD,04/06/2023
IONIQ 5 ELECTRIC PRESTIGE 2WD 77KWH,04/06/2023
TUCSON 1.6 TURBO HYBRID (S/R),04/06/2023
IONIQ 5 ELECTRIC PRESTIGE 2WD,05/06/2023
KONA 1.6 DCT HYBRID ELITE (S/R),05/06/2023
IONIQ 5 ELECTRIC PRESTIGE 2WD 77KWH,05/06/2023
IONIQ 5 ELECTRIC PRESTIGE 2WD,05/06/2023
IONIQ 6 ELECTRIC AWD,05/06/2023
KONA 1.6 DCT HYBRID ELITE (S/R),05/06/2023
PALISADE 3.5 GLS AUTO (S/R) 7-SEATER,06/06/2023
IONIQ 5 ELECTRIC PRESTIGE 2WD,06/06/2023
"AVANTE 1.6 AUTO ""S""",06/06/2023
STARIA 3.5 AUTO (S/R),07/06/2023
IONIQ 6 ELECTRIC AWD,09/06/2023
TUCSON 1.6 TURBO HYBRID (S/R),10/06/2023
IONIQ 5 ELECTRIC PRESTIGE 2WD,11/06/2023
IONIQ 5 ELECTRIC PRESTIGE 2WD,11/06/2023
PALISADE 3.5 GLS AUTO (S/R) 7-SEATER,12/06/2023
TUCSON 1.6 TURBO HYBRID (S/R),12/06/2023
IONIQ 5 ELECTRIC PRESTIGE 2WD,12/06/2023
"AVANTE 1.6 AUTO ""S""",14/06/2023
"AVANTE 1.6 AUTO ""S""",14/06/2023
IONIQ 5 ELECTRIC PRESTIGE 2WD 77KWH,15/06/2023
IONIQ 5 ELECTRIC PRESTIGE 2WD,17/06/2023
IONIQ 5 ELECTRIC PRESTIGE 2WD,17/06/2023
IONIQ 5 ELECTRIC PRESTIGE 2WD 77KWH,18/06/2023
IONIQ 6 ELECTRIC AWD,19/06/2023
IONIQ 6 ELECTRIC AWD,19/06/2023
IONIQ 6 ELECTRIC AWD,19/06/2023
IONIQ 5 ELECTRIC PRESTIGE 2WD 77KWH,19/06/2023
IONIQ 5 ELECTRIC PRESTIGE 2WD 77KWH,20/06/2023
IONIQ 6 ELECTRIC AWD,20/06/2023
IONIQ 5 ELECTRIC PRESTIGE 2WD 77KWH,20/06/2023
IONIQ 5 ELECTRIC PRESTIGE 2WD,22/06/2023
IONIQ 5 ELECTRIC EXCLUSIVE 2WD,23/06/2023
"AVANTE 1.6 AUTO ""S""",23/06/2023
IONIQ 5 ELECTRIC PRESTIGE 2WD,23/06/2023
IONIQ 5 ELECTRIC PRESTIGE 2WD 77KWH,23/06/2023
IONIQ 5 ELECTRIC PRESTIGE 2WD,24/06/2023
IONIQ 6 ELECTRIC AWD,24/06/2023
IONIQ 5 ELECTRIC PRESTIGE 2WD,24/06/2023
IONIQ 5 ELECTRIC PRESTIGE 2WD,24/06/2023
IONIQ 5 ELECTRIC PRESTIGE 2WD,24/06/2023
IONIQ 5 ELECTRIC PRESTIGE 2WD,24/06/2023
IONIQ 5 ELECTRIC PRESTIGE 2WD,24/06/2023
IONIQ 5 ELECTRIC PRESTIGE 2WD,24/06/2023
IONIQ 5 ELECTRIC PRESTIGE 2WD,25/06/2023
IONIQ 5 ELECTRIC PRESTIGE 2WD,25/06/2023
IONIQ 5 ELECTRIC PRESTIGE 2WD,25/06/2023
IONIQ 6 ELECTRIC AWD,25/06/2023
IONIQ 5 ELECTRIC PRESTIGE 2WD,25/06/2023
IONIQ 5 ELECTRIC PRESTIGE 2WD 77KWH,25/06/2023
IONIQ 5 ELECTRIC PRESTIGE 2WD,25/06/2023
IONIQ 6 ELECTRIC AWD,25/06/2023
IONIQ 5 ELECTRIC PRESTIGE 2WD,25/06/2023
IONIQ 5 ELECTRIC PRESTIGE 2WD,26/06/2023
IONIQ 5 ELECTRIC PRESTIGE 2WD,26/06/2023
IONIQ 5 ELECTRIC PRESTIGE 2WD,26/06/2023
IONIQ 5 ELECTRIC PRESTIGE 2WD,26/06/2023
IONIQ 5 ELECTRIC PRESTIGE 2WD,26/06/2023
IONIQ 5 ELECTRIC PRESTIGE 2WD,27/06/2023
SANTA FE 1.6 TURBO HYBRID (S/R),28/06/2023
IONIQ 6 ELECTRIC AWD,28/06/2023
IONIQ 6 ELECTRIC AWD,28/06/2023
SANTA FE 1.6 TURBO HYBRID (S/R),28/06/2023
IONIQ 5 ELECTRIC INSPIRATION AWD,28/06/2023
IONIQ 5 ELECTRIC PRESTIGE 2WD,28/06/2023
SANTA FE 1.6 TURBO HYBRID (S/R),29/06/2023
IONIQ 6 ELECTRIC AWD,29/06/2023
IONIQ 5 ELECTRIC EXCLUSIVE 2WD,30/06/2023
IONIQ 6 ELECTRIC AWD,30/06/2023
IONIQ 5 ELECTRIC PRESTIGE 2WD,30/06/2023
IONIQ 5 ELECTRIC PRESTIGE 2WD,30/06/2023
TUCSON 1.6 TURBO HYBRID (S/R),30/06/2023
IONIQ 5 ELECTRIC PRESTIGE 2WD,30/06/2023
IONIQ 5 ELECTRIC PRESTIGE 2WD,30/06/2023
KONA 1.6 DCT HYBRID ELITE (S/R),01/07/2023
IONIQ 5 ELECTRIC PRESTIGE 2WD,01/07/2023
IONIQ 5 ELECTRIC PRESTIGE 2WD,01/07/2023
IONIQ 5 ELECTRIC PRESTIGE 2WD,01/07/2023
IONIQ 5 ELECTRIC PRESTIGE 2WD,02/07/2023
IONIQ 5 ELECTRIC PRESTIGE 2WD,02/07/2023
IONIQ 5 ELECTRIC PRESTIGE 2WD,02/07/2023
IONIQ 5 ELECTRIC PRESTIGE 2WD,02/07/2023
SANTA FE 1.6 TURBO HYBRID (S/R),02/07/2023
IONIQ 6 ELECTRIC AWD,02/07/2023
IONIQ 5 ELECTRIC PRESTIGE 2WD,03/07/2023
IONIQ 5 ELECTRIC PRESTIGE 2WD,03/07/2023
IONIQ 5 ELECTRIC PRESTIGE 2WD,03/07/2023
IONIQ 5 ELECTRIC PRESTIGE 2WD,03/07/2023
IONIQ 5 ELECTRIC PRESTIGE 2WD,04/07/2023
IONIQ 5 ELECTRIC PRESTIGE 2WD 77KWH,04/07/2023
IONIQ 5 ELECTRIC INSPIRATION AWD,04/07/2023
IONIQ 5 ELECTRIC PRESTIGE 2WD,04/07/2023
KONA 1.6 DCT HYBRID ELITE (S/R),04/07/2023
PALISADE 3.5 GLS AUTO (S/R) 7-SEATER,07/07/2023
IONIQ 6 ELECTRIC AWD,08/07/2023
IONIQ 5 ELECTRIC PRESTIGE 2WD,08/07/2023
IONIQ 5 ELECTRIC 2WD,09/07/2023
KONA 1.6 DCT HYBRID ELITE (S/R),09/07/2023
IONIQ 5 ELECTRIC PRESTIGE 2WD 77KWH,09/07/2023
KONA 1.6 DCT HYBRID ELITE (S/R),09/07/2023
IONIQ 5 ELECTRIC PRESTIGE 2WD,09/07/2023
TUCSON 1.6 TURBO HYBRID (S/R),09/07/2023
PALISADE 3.5 GLS AUTO (S/R) 7-SEATER,09/07/2023
SANTA FE 1.6 TURBO HYBRID (S/R),09/07/2023
SANTA FE 1.6 TURBO HYBRID (S/R),10/07/2023
IONIQ 5 ELECTRIC PRESTIGE 2WD,12/07/2023
IONIQ 5 ELECTRIC PRESTIGE 2WD,13/07/2023
IONIQ 5 ELECTRIC PRESTIGE 2WD,15/07/2023
IONIQ 5 ELECTRIC PRESTIGE 2WD,15/07/2023
TUCSON 1.6 TURBO HYBRID (S/R),15/07/2023
KONA 1.6 DCT HYBRID ELITE (S/R),15/07/2023
TUCSON 1.6 TURBO HYBRID (S/R),16/07/2023
IONIQ 5 ELECTRIC PRESTIGE 2WD,16/07/2023
SANTA FE 1.6 TURBO HYBRID (S/R),16/07/2023
IONIQ 5 ELECTRIC PRESTIGE 2WD,16/07/2023
IONIQ 5 ELECTRIC PRESTIGE 2WD,16/07/2023
KONA 1.6 DCT HYBRID ELITE (S/R),16/07/2023
IONIQ 5 ELECTRIC PRESTIGE 2WD,17/07/2023
IONIQ 5 ELECTRIC PRESTIGE 2WD,17/07/2023
KONA 1.6 DCT HYBRID ELITE (S/R),19/07/2023
IONIQ 6 ELECTRIC AWD,19/07/2023
IONIQ 6 ELECTRIC AWD,19/07/2023
IONIQ 6 ELECTRIC AWD,20/07/2023
IONIQ 5 ELECTRIC PRESTIGE 2WD,20/07/2023
IONIQ 5 ELECTRIC PRESTIGE 2WD,21/07/2023
IONIQ 6 ELECTRIC AWD,21/07/2023
KONA 1.6 DCT HYBRID ELITE (S/R),21/07/2023
PALISADE 3.5 GLS AUTO (S/R) 7-SEATER,22/07/2023
IONIQ 5 ELECTRIC PRESTIGE 2WD,22/07/2023
IONIQ 5 ELECTRIC EXCLUSIVE 2WD,22/07/2023
PALISADE 3.5 GLS AUTO (S/R) 7-SEATER,22/07/2023
IONIQ 5 ELECTRIC PRESTIGE 2WD 77KWH,22/07/2023
IONIQ 5 ELECTRIC PRESTIGE 2WD,22/07/2023
IONIQ 5 ELECTRIC PRESTIGE 2WD,23/07/2023
IONIQ 5 ELECTRIC PRESTIGE 2WD,23/07/2023
SANTA FE 1.6 TURBO HYBRID (S/R),23/07/2023
KONA 1.6 DCT HYBRID ELITE (S/R),23/07/2023
KONA 1.6 DCT HYBRID ELITE (S/R),24/07/2023
IONIQ 5 ELECTRIC PRESTIGE 2WD,24/07/2023
TUCSON 1.6 TURBO HYBRID (S/R),24/07/2023
IONIQ 5 ELECTRIC PRESTIGE 2WD,25/07/2023
TUCSON 1.6 TURBO HYBRID (S/R),25/07/2023
KONA 1.6 DCT HYBRID ELITE (S/R),27/07/2023
KONA 1.6 DCT GL HYBRID,27/07/2023
IONIQ 5 ELECTRIC PRESTIGE 2WD,27/07/2023
TUCSON 1.6 TURBO HYBRID (S/R),28/07/2023
STARIA 3.5 AUTO (S/R),28/07/2023
IONIQ 5 ELECTRIC PRESTIGE 2WD,28/07/2023
IONIQ 5 ELECTRIC PRESTIGE 2WD,28/07/2023
IONIQ 5 ELECTRIC PRESTIGE 2WD,28/07/2023
IONIQ 5 ELECTRIC PRESTIGE 2WD,29/07/2023
IONIQ 5 ELECTRIC PRESTIGE 2WD,30/07/2023
SANTA FE 1.6 TURBO HYBRID (S/R),30/07/2023
KONA 1.6 DCT HYBRID ELITE (S/R),30/07/2023
SANTA FE 1.6 TURBO HYBRID (S/R),30/07/2023
IONIQ 5 ELECTRIC PRESTIGE 2WD,30/07/2023
KONA 1.6 DCT HYBRID ELITE (S/R),31/07/2023
IONIQ 5 ELECTRIC PRESTIGE 2WD,01/08/2023
IONIQ 5 ELECTRIC PRESTIGE 2WD,01/08/2023
KONA 1.6 DCT HYBRID ELITE (S/R),01/08/2023
IONIQ 5 ELECTRIC PRESTIGE 2WD,01/08/2023
IONIQ 5 ELECTRIC PRESTIGE 2WD,02/08/2023
IONIQ 5 ELECTRIC PRESTIGE 2WD,02/08/2023
IONIQ 5 ELECTRIC EXCLUSIVE 2WD,03/08/2023
IONIQ 5 ELECTRIC PRESTIGE 2WD,03/08/2023
IONIQ 5 ELECTRIC PRESTIGE 2WD,03/08/2023
IONIQ 5 ELECTRIC PRESTIGE 2WD,03/08/2023
SANTA FE 1.6 TURBO HYBRID (S/R),03/08/2023
IONIQ 5 ELECTRIC PRESTIGE 2WD,04/08/2023
KONA 1.6 DCT GL HYBRID,04/08/2023
TUCSON 1.6 TURBO HYBRID (S/R),04/08/2023
IONIQ 5 ELECTRIC PRESTIGE 2WD,04/08/2023
KONA 1.6 DCT GL HYBRID,05/08/2023
IONIQ 5 ELECTRIC PRESTIGE 2WD,05/08/2023
IONIQ 5 ELECTRIC EXCLUSIVE 2WD,05/08/2023
IONIQ 5 ELECTRIC PRESTIGE 2WD,05/08/2023
IONIQ 5 ELECTRIC PRESTIGE 2WD,05/08/2023
KONA 1.6 DCT HYBRID ELITE (S/R),05/08/2023
IONIQ 5 ELECTRIC PRESTIGE 2WD,06/08/2023
IONIQ 5 ELECTRIC PRESTIGE 2WD,06/08/2023
IONIQ 5 ELECTRIC PRESTIGE 2WD,06/08/2023
IONIQ 5 ELECTRIC PRESTIGE 2WD,06/08/2023
KONA 1.6 DCT HYBRID ELITE (S/R),06/08/2023
IONIQ 5 ELECTRIC PRESTIGE 2WD,06/08/2023
IONIQ 5 ELECTRIC PRESTIGE 2WD 77KWH,07/08/2023
IONIQ 5 ELECTRIC EXCLUSIVE 2WD,07/08/2023
IONIQ 5 ELECTRIC PRESTIGE 2WD,07/08/2023
IONIQ 5 ELECTRIC PRESTIGE 2WD,07/08/2023
IONIQ 5 ELECTRIC PRESTIGE 2WD 77KWH,07/08/2023
IONIQ 5 ELECTRIC PRESTIGE 2WD,07/08/2023
SANTA FE 1.6 TURBO HYBRID (S/R),07/08/2023
IONIQ 5 ELECTRIC PRESTIGE 2WD,08/08/2023
IONIQ 5 ELECTRIC PRESTIGE 2WD,08/08/2023
IONIQ 6 ELECTRIC AWD,08/08/2023
TUCSON 1.6 TURBO HYBRID (S/R),08/08/2023
IONIQ 5 ELECTRIC PRESTIGE 2WD,08/08/2023
IONIQ 5 ELECTRIC PRESTIGE 2WD,08/08/2023
IONIQ 5 ELECTRIC PRESTIGE 2WD,08/08/2023
IONIQ 5 ELECTRIC PRESTIGE 2WD,08/08/2023
IONIQ 5 ELECTRIC PRESTIGE 2WD,08/08/2023
IONIQ 5 ELECTRIC PRESTIGE 2WD,09/08/2023
IONIQ 5 ELECTRIC PRESTIGE 2WD,09/08/2023
KONA 1.6 DCT HYBRID ELITE (S/R),09/08/2023
IONIQ 5 ELECTRIC PRESTIGE 2WD,09/08/2023
IONIQ 5 ELECTRIC PRESTIGE 2WD,09/08/2023
IONIQ 5 ELECTRIC PRESTIGE 2WD,09/08/2023
IONIQ 5 ELECTRIC PRESTIGE 2WD,09/08/2023
IONIQ 5 ELECTRIC PRESTIGE 2WD,09/08/2023
IONIQ 5 ELECTRIC PRESTIGE 2WD,09/08/2023
IONIQ 5 ELECTRIC PRESTIGE 2WD,09/08/2023
IONIQ 5 ELECTRIC PRESTIGE 2WD,09/08/2023
IONIQ 5 ELECTRIC PRESTIGE 2WD,09/08/2023
IONIQ 5 ELECTRIC PRESTIGE 2WD,09/08/2023
IONIQ 5 ELECTRIC PRESTIGE 2WD,09/08/2023
KONA 1.6 DCT HYBRID ELITE (S/R),09/08/2023
IONIQ 5 ELECTRIC PRESTIGE 2WD,09/08/2023
IONIQ 5 ELECTRIC PRESTIGE 2WD,09/08/2023
IONIQ 5 ELECTRIC PRESTIGE 2WD,09/08/2023
KONA 1.6 DCT HYBRID ELITE (S/R),10/08/2023
KONA 1.6 DCT HYBRID ELITE (S/R),11/08/2023
KONA 1.6 DCT HYBRID ELITE (S/R),11/08/2023
IONIQ 6 ELECTRIC AWD,12/08/2023
IONIQ 5 ELECTRIC PRESTIGE 2WD,12/08/2023
KONA 1.6 DCT HYBRID ELITE (S/R),12/08/2023
KONA 1.6 DCT HYBRID ELITE (S/R),12/08/2023
KONA 1.6 DCT HYBRID ELITE (S/R),12/08/2023
IONIQ 5 ELECTRIC PRESTIGE 2WD,12/08/2023
KONA 1.6 DCT HYBRID ELITE (S/R),12/08/2023
IONIQ 5 ELECTRIC PRESTIGE 2WD,12/08/2023
IONIQ 5 ELECTRIC PRESTIGE 2WD,12/08/2023
KONA 1.6 DCT HYBRID ELITE (S/R),13/08/2023
KONA 1.6 DCT HYBRID ELITE (S/R),13/08/2023
IONIQ 6 ELECTRIC AWD,13/08/2023
IONIQ 5 ELECTRIC PRESTIGE 2WD 77KWH,13/08/2023
KONA 1.6 DCT HYBRID ELITE (S/R),13/08/2023
IONIQ 5 ELECTRIC PRESTIGE 2WD,13/08/2023
IONIQ 5 ELECTRIC PRESTIGE 2WD,13/08/2023
IONIQ 5 ELECTRIC PRESTIGE 2WD,13/08/2023
KONA 1.6 DCT HYBRID ELITE (S/R),13/08/2023
KONA 1.6 DCT HYBRID ELITE (S/R),13/08/2023
KONA 1.6 DCT HYBRID ELITE (S/R),13/08/2023
SANTA FE 1.6 TURBO HYBRID (S/R),13/08/2023
IONIQ 5 ELECTRIC EXCLUSIVE 2WD,13/08/2023
IONIQ 5 ELECTRIC PRESTIGE 2WD,13/08/2023
TUCSON 1.6 TURBO HYBRID (S/R),17/08/2023
IONIQ 5 ELECTRIC PRESTIGE 2WD,19/08/2023
IONIQ 5 ELECTRIC PRESTIGE 2WD,19/08/2023
IONIQ 6 ELECTRIC AWD,21/08/2023
SANTA FE 1.6 TURBO HYBRID (S/R),21/08/2023
SANTA FE 1.6 TURBO HYBRID (S/R),22/08/2023
IONIQ 5 ELECTRIC PRESTIGE 2WD,22/08/2023
KONA 1.6 DCT HYBRID ELITE (S/R),22/08/2023
SANTA FE 1.6 TURBO HYBRID (S/R),23/08/2023
SANTA FE 1.6 TURBO HYBRID (S/R),23/08/2023
SANTA FE 1.6 TURBO HYBRID (S/R),23/08/2023
IONIQ 5 ELECTRIC EXCLUSIVE 2WD,26/08/2023
IONIQ 5 ELECTRIC PRESTIGE 2WD 77KWH,26/08/2023
STARIA 3.5 AUTO (S/R),26/08/2023
KONA 1.6 DCT HYBRID ELITE (S/R),27/08/2023
IONIQ 6 ELECTRIC AWD,27/08/2023
IONIQ 5 ELECTRIC PRESTIGE 2WD 77KWH,27/08/2023
SANTA FE 1.6 TURBO HYBRID (S/R),27/08/2023
KONA 1.6 DCT HYBRID ELITE (S/R),27/08/2023
IONIQ 6 ELECTRIC AWD,27/08/2023
IONIQ 5 ELECTRIC PRESTIGE 2WD,28/08/2023
IONIQ 5 ELECTRIC PRESTIGE 2WD,29/08/2023
IONIQ 5 ELECTRIC PRESTIGE 2WD,30/08/2023
IONIQ 5 ELECTRIC PRESTIGE 2WD,30/08/2023
IONIQ 5 ELECTRIC PRESTIGE 2WD,30/08/2023
IONIQ 5 ELECTRIC PRESTIGE 2WD 77KWH,31/08/2023
IONIQ 5 ELECTRIC PRESTIGE 2WD,01/09/2023
IONIQ 5 ELECTRIC PRESTIGE 2WD,01/09/2023
IONIQ 5 ELECTRIC PRESTIGE 2WD,01/09/2023
IONIQ 5 ELECTRIC PRESTIGE 2WD,01/09/2023
IONIQ 5 ELECTRIC PRESTIGE 2WD,01/09/2023
IONIQ 5 ELECTRIC PRESTIGE 2WD,02/09/2023
IONIQ 5 ELECTRIC PRESTIGE 2WD,02/09/2023
IONIQ 5 ELECTRIC PRESTIGE 2WD,02/09/2023
IONIQ 5 ELECTRIC PRESTIGE 2WD 77KWH,02/09/2023
IONIQ 5 ELECTRIC PRESTIGE 2WD,03/09/2023
IONIQ 5 ELECTRIC PRESTIGE 2WD,03/09/2023
GENESIS GV80 2.5 TURBO AUTO,04/09/2023
IONIQ 5 ELECTRIC PRESTIGE 2WD,04/09/2023
TUCSON 1.6 TURBO HYBRID (S/R),04/09/2023
IONIQ 5 ELECTRIC PRESTIGE 2WD,05/09/2023
SANTA FE 1.6 TURBO HYBRID (S/R),05/09/2023
KONA 1.6 DCT HYBRID ELITE (S/R),05/09/2023
IONIQ 5 ELECTRIC PRESTIGE 2WD,05/09/2023
KONA 1.6 DCT GL HYBRID,07/09/2023
KONA 1.6 DCT GL HYBRID,07/09/2023
KONA 1.6 DCT GL HYBRID,07/09/2023
KONA 1.6 DCT GL HYBRID,07/09/2023
KONA 1.6 DCT GL HYBRID,07/09/2023
TUCSON 1.6 TURBO HYBRID (S/R),08/09/2023
PALISADE 3.5 GLS AUTO (S/R) 7-SEATER,09/09/2023
KONA 1.6 DCT HYBRID ELITE (S/R),09/09/2023
IONIQ 5 ELECTRIC EXCLUSIVE 2WD,09/09/2023
IONIQ 5 ELECTRIC PRESTIGE 2WD,10/09/2023
KONA 1.6 DCT HYBRID ELITE (S/R),10/09/2023
IONIQ 5 ELECTRIC PRESTIGE 2WD,10/09/2023
IONIQ 5 ELECTRIC PRESTIGE 2WD,11/09/2023
IONIQ 5 ELECTRIC PRESTIGE 2WD,12/09/2023
IONIQ 5 ELECTRIC PRESTIGE 2WD,12/09/2023
KONA 1.6 DCT HYBRID ELITE (S/R),14/09/2023
IONIQ 5 ELECTRIC PRESTIGE 2WD,14/09/2023
IONIQ 5 ELECTRIC PRESTIGE 2WD,15/09/2023
IONIQ 5 ELECTRIC PRESTIGE 2WD,15/09/2023
TUCSON 1.6 TURBO HYBRID (S/R),15/09/2023
KONA 1.6 DCT HYBRID ELITE (S/R),16/09/2023
KONA 1.6 DCT HYBRID ELITE (S/R),16/09/2023
KONA 1.6 DCT HYBRID ELITE (S/R),16/09/2023
KONA 1.6 DCT HYBRID ELITE (S/R),16/09/2023
IONIQ 5 ELECTRIC PRESTIGE 2WD,16/09/2023
KONA 1.6 DCT GL HYBRID,16/09/2023
IONIQ 5 ELECTRIC PRESTIGE 2WD,16/09/2023
IONIQ 5 ELECTRIC PRESTIGE 2WD,16/09/2023
KONA 1.6 DCT HYBRID ELITE (S/R),16/09/2023
KONA 1.6 DCT HYBRID ELITE (S/R),17/09/2023
IONIQ 5 ELECTRIC PRESTIGE 2WD,17/09/2023
KONA 1.6 DCT HYBRID ELITE (S/R),17/09/2023
IONIQ 5 ELECTRIC PRESTIGE 2WD,17/09/2023
IONIQ 5 ELECTRIC PRESTIGE 2WD,17/09/2023
KONA 1.6 DCT HYBRID ELITE (S/R),17/09/2023
KONA 1.6 DCT HYBRID ELITE (S/R),17/09/2023
IONIQ 5 ELECTRIC PRESTIGE 2WD,17/09/2023
IONIQ 5 ELECTRIC PRESTIGE 2WD,18/09/2023
KONA 1.6 DCT HYBRID ELITE (S/R),18/09/2023
KONA 1.6 DCT GL HYBRID,22/09/2023
TUCSON 1.6 TURBO HYBRID (S/R),23/09/2023
KONA 1.6 DCT HYBRID ELITE (S/R),24/09/2023
KONA 1.6 DCT GL HYBRID,24/09/2023
IONIQ 5 ELECTRIC PRESTIGE 2WD,24/09/2023
KONA 1.6 DCT HYBRID ELITE (S/R),24/09/2023
KONA 1.6 DCT GL HYBRID,24/09/2023
KONA 1.6 DCT HYBRID ELITE (S/R),24/09/2023
KONA 1.6 DCT HYBRID ELITE (S/R),25/09/2023
KONA 1.6 DCT HYBRID ELITE (S/R),25/09/2023
IONIQ 5 ELECTRIC PRESTIGE 2WD,27/09/2023
IONIQ 5 ELECTRIC PRESTIGE 2WD,28/09/2023
SANTA FE 1.6 TURBO HYBRID (S/R),29/09/2023
IONIQ 5 ELECTRIC PRESTIGE 2WD,29/09/2023
IONIQ 5 ELECTRIC PRESTIGE 2WD,30/09/2023
IONIQ 5 ELECTRIC PRESTIGE 2WD,30/09/2023
STARIA 3.5 AUTO (S/R),30/09/2023
SANTA FE 1.6 TURBO HYBRID (S/R),30/09/2023
IONIQ 5 ELECTRIC PRESTIGE 2WD,01/10/2023
KONA 1.6 DCT HYBRID ELITE (S/R),01/10/2023
TUCSON 1.6 TURBO HYBRID (S/R),01/10/2023
KONA 1.6 DCT GL HYBRID,01/10/2023
IONIQ 5 ELECTRIC PRESTIGE 2WD,01/10/2023
IONIQ 5 ELECTRIC PRESTIGE 2WD,01/10/2023
IONIQ 5 ELECTRIC INSPIRATION AWD,01/10/2023
SANTA FE 1.6 TURBO HYBRID (S/R),01/10/2023
KONA 1.6 DCT HYBRID ELITE (S/R),02/10/2023
IONIQ 5 ELECTRIC PRESTIGE 2WD,02/10/2023
KONA 1.6 DCT HYBRID ELITE (S/R),02/10/2023
IONIQ 5 ELECTRIC PRESTIGE 2WD,02/10/2023
KONA 1.6 DCT HYBRID ELITE (S/R),03/10/2023
IONIQ 5 ELECTRIC EXCLUSIVE 2WD,03/10/2023
KONA 1.6 DCT HYBRID ELITE (S/R),06/10/2023
IONIQ 5 ELECTRIC PRESTIGE 2WD,07/10/2023
IONIQ 5 ELECTRIC PRESTIGE 2WD,07/10/2023
KONA 1.6 DCT HYBRID ELITE (S/R),07/10/2023
IONIQ 5 ELECTRIC PRESTIGE 2WD,07/10/2023
KONA 1.6 DCT HYBRID ELITE (S/R),07/10/2023
IONIQ 5 ELECTRIC PRESTIGE 2WD,07/10/2023
KONA 1.6 DCT HYBRID ELITE (S/R),08/10/2023
KONA 1.6 DCT HYBRID ELITE (S/R),08/10/2023
KONA 1.6 DCT GL HYBRID,08/10/2023
KONA 1.6 DCT HYBRID ELITE (S/R),08/10/2023
KONA 1.6 DCT GL HYBRID,09/10/2023
IONIQ 5 ELECTRIC PRESTIGE 2WD,09/10/2023
IONIQ 5 ELECTRIC PRESTIGE 2WD,09/10/2023
IONIQ 5 ELECTRIC PRESTIGE 2WD,09/10/2023
IONIQ 5 ELECTRIC PRESTIGE 2WD,09/10/2023
KONA 1.6 DCT HYBRID ELITE (S/R),10/10/2023
PALISADE 3.5 GLS AUTO (S/R) 7-SEATER,12/10/2023
IONIQ 5 ELECTRIC PRESTIGE 2WD,12/10/2023
IONIQ 5 ELECTRIC PRESTIGE 2WD,12/10/2023
IONIQ 5 ELECTRIC PRESTIGE 2WD,13/10/2023
PALISADE 3.5 GLS AUTO (S/R) 7-SEATER,13/10/2023
KONA 1.6 DCT HYBRID ELITE (S/R),13/10/2023
KONA 1.6 DCT HYBRID ELITE (S/R),13/10/2023
IONIQ 6 ELECTRIC AWD,14/10/2023
KONA 1.6 DCT HYBRID ELITE (S/R),14/10/2023
IONIQ 5 ELECTRIC PRESTIGE 2WD,14/10/2023
KONA 1.6 DCT HYBRID ELITE (S/R),14/10/2023
IONIQ 5 ELECTRIC PRESTIGE 2WD,15/10/2023
KONA 1.6 DCT HYBRID ELITE (S/R),15/10/2023
KONA 1.6 DCT HYBRID ELITE (S/R),16/10/2023
IONIQ 5 ELECTRIC PRESTIGE 2WD,17/10/2023
IONIQ 5 ELECTRIC PRESTIGE 2WD,17/10/2023
KONA 1.6 DCT HYBRID ELITE (S/R),21/10/2023
IONIQ 5 ELECTRIC PRESTIGE 2WD,21/10/2023
TUCSON 1.6 TURBO HYBRID (S/R),21/10/2023
IONIQ 5 ELECTRIC PRESTIGE 2WD,22/10/2023
IONIQ 5 ELECTRIC PRESTIGE 2WD,22/10/2023
IONIQ 5 ELECTRIC PRESTIGE 2WD,22/10/2023
IONIQ 5 ELECTRIC PRESTIGE 2WD,22/10/2023
IONIQ 5 ELECTRIC PRESTIGE 2WD,23/10/2023
IONIQ 5 ELECTRIC PRESTIGE 2WD,23/10/2023
KONA 1.6 DCT HYBRID ELITE (S/R),23/10/2023
IONIQ 6 ELECTRIC AWD,24/10/2023
IONIQ 5 ELECTRIC PRESTIGE 2WD,25/10/2023
IONIQ 5 ELECTRIC PRESTIGE 2WD,26/10/2023
IONIQ 5 ELECTRIC EXCLUSIVE 2WD,26/10/2023
KONA 1.6 DCT HYBRID ELITE (S/R),27/10/2023
IONIQ 5 ELECTRIC PRESTIGE 2WD,27/10/2023
IONIQ 5 ELECTRIC PRESTIGE 2WD,28/10/2023
IONIQ 5 ELECTRIC PRESTIGE 2WD,28/10/2023
IONIQ 5 ELECTRIC PRESTIGE 2WD,28/10/2023
KONA 1.6 DCT HYBRID ELITE (S/R),28/10/2023
KONA 1.6 DCT HYBRID ELITE (S/R),28/10/2023
KONA 1.6 DCT HYBRID ELITE (S/R),30/10/2023
IONIQ 5 ELECTRIC PRESTIGE 2WD,31/10/2023
IONIQ 5 ELECTRIC PRESTIGE 2WD,31/10/2023
KONA 1.6 DCT HYBRID ELITE (S/R),01/11/2023
SANTA FE 1.6 TURBO HYBRID (S/R),01/11/2023
IONIQ 5 ELECTRIC PRESTIGE 2WD,01/11/2023
IONIQ 5 ELECTRIC PRESTIGE 2WD,02/11/2023
IONIQ 5 ELECTRIC PRESTIGE 2WD,02/11/2023
KONA 1.6 DCT HYBRID ELITE (S/R),03/11/2023
KONA 1.6 DCT HYBRID ELITE (S/R),03/11/2023
IONIQ 5 ELECTRIC PRESTIGE 2WD,04/11/2023
KONA 1.6 DCT HYBRID ELITE (S/R),04/11/2023
KONA 1.6 DCT HYBRID ELITE (S/R),04/11/2023
KONA 1.6 DCT HYBRID ELITE (S/R),05/11/2023
TUCSON 1.6 TURBO HYBRID (S/R),05/11/2023
IONIQ 5 ELECTRIC PRESTIGE 2WD,05/11/2023
TUCSON 1.6 TURBO HYBRID (S/R),06/11/2023
IONIQ 5 ELECTRIC EXCLUSIVE 2WD,06/11/2023
IONIQ 5 ELECTRIC PRESTIGE 2WD,07/11/2023
SANTA FE 1.6 TURBO HYBRID (S/R),09/11/2023
PALISADE 3.5 GLS AUTO (S/R) 7-SEATER,09/11/2023
IONIQ 5 ELECTRIC PRESTIGE 2WD,10/11/2023
IONIQ 5 ELECTRIC PRESTIGE 2WD,10/11/2023
TUCSON 1.6 TURBO HYBRID (S/R),10/11/2023
IONIQ 5 ELECTRIC PRESTIGE 2WD,10/11/2023
IONIQ 5 ELECTRIC PRESTIGE 2WD,10/11/2023
IONIQ 5 ELECTRIC PRESTIGE 2WD,11/11/2023
IONIQ 5 ELECTRIC PRESTIGE 2WD,11/11/2023
IONIQ 5 ELECTRIC PRESTIGE 2WD,11/11/2023
TUCSON 1.6 TURBO HYBRID (S/R),11/11/2023
IONIQ 5 ELECTRIC PRESTIGE 2WD,11/11/2023
IONIQ 5 ELECTRIC PRESTIGE 2WD,11/11/2023
"AVANTE 1.6 DCT HYBRID ""S""",11/11/2023
IONIQ 5 ELECTRIC EXCLUSIVE 2WD,11/11/2023
IONIQ 5 ELECTRIC PRESTIGE 2WD,11/11/2023
IONIQ 6 ELECTRIC AWD,12/11/2023
AVANTE 1.6 DCT HYBRID ELITE (S/R),12/11/2023
IONIQ 5 ELECTRIC EXCLUSIVE 2WD,12/11/2023
IONIQ 5 ELECTRIC PRESTIGE 2WD 77KWH,12/11/2023
KONA 1.6 DCT GL HYBRID,12/11/2023
TUCSON 1.6 TURBO HYBRID (S/R),13/11/2023
IONIQ 5 ELECTRIC PRESTIGE 2WD,13/11/2023
IONIQ 5 ELECTRIC PRESTIGE 2WD,13/11/2023
TUCSON 1.6 TURBO HYBRID (S/R),13/11/2023
AVANTE 1.6 DCT HYBRID ELITE (S/R),13/11/2023
TUCSON 1.6 TURBO HYBRID (S/R),13/11/2023
IONIQ 5 ELECTRIC PRESTIGE 2WD,13/11/2023
IONIQ 5 ELECTRIC PRESTIGE 2WD,13/11/2023
IONIQ 5 ELECTRIC PRESTIGE 2WD,13/11/2023
IONIQ 5 ELECTRIC PRESTIGE 2WD,13/11/2023
TUCSON 1.6 TURBO HYBRID (S/R),13/11/2023
TUCSON 1.6 TURBO HYBRID (S/R),13/11/2023
IONIQ 5 ELECTRIC PRESTIGE 2WD,14/11/2023
PALISADE 3.5 GLS AUTO (S/R) 7-SEATER,14/11/2023
IONIQ 5 ELECTRIC EXCLUSIVE 2WD,15/11/2023
PALISADE 3.5 GLS AUTO (S/R) 7-SEATER,18/11/2023
IONIQ 6 ELECTRIC AWD,19/11/2023
IONIQ 5 ELECTRIC PRESTIGE 2WD,19/11/2023
TUCSON 1.6 TURBO HYBRID (S/R),19/11/2023
IONIQ 5 ELECTRIC PRESTIGE 2WD,19/11/2023
IONIQ 5 ELECTRIC PRESTIGE 2WD,19/11/2023
IONIQ 5 ELECTRIC PRESTIGE 2WD,19/11/2023
IONIQ 5 ELECTRIC PRESTIGE 2WD,20/11/2023
AVANTE 1.6 DCT HYBRID ELITE (S/R),20/11/2023
TUCSON 1.6 TURBO HYBRID (S/R),20/11/2023
IONIQ 5 ELECTRIC PRESTIGE 2WD 77KWH,21/11/2023
IONIQ 5 ELECTRIC PRESTIGE 2WD,21/11/2023
IONIQ 5 ELECTRIC PRESTIGE 2WD 77KWH,21/11/2023
IONIQ 5 ELECTRIC INSPIRATION AWD,21/11/2023
IONIQ 5 ELECTRIC PRESTIGE 2WD,22/11/2023
IONIQ 5 ELECTRIC PRESTIGE 2WD,24/11/2023
IONIQ 5 ELECTRIC PRESTIGE 2WD,24/11/2023
IONIQ 5 ELECTRIC PRESTIGE 2WD,24/11/2023
IONIQ 5 ELECTRIC PRESTIGE 2WD,24/11/2023
IONIQ 5 ELECTRIC EXCLUSIVE 2WD,24/11/2023
KONA 1.6 DCT GL HYBRID,24/11/2023
IONIQ 5 ELECTRIC PRESTIGE 2WD,24/11/2023
IONIQ 5 ELECTRIC PRESTIGE 2WD,24/11/2023
IONIQ 5 ELECTRIC PRESTIGE 2WD,24/11/2023
IONIQ 5 ELECTRIC PRESTIGE 2WD,25/11/2023
IONIQ 5 ELECTRIC PRESTIGE 2WD,25/11/2023
IONIQ 5 ELECTRIC PRESTIGE 2WD,25/11/2023
IONIQ 5 ELECTRIC PRESTIGE 2WD,25/11/2023
KONA 1.6 DCT HYBRID ELITE (S/R),25/11/2023
IONIQ 5 ELECTRIC PRESTIGE 2WD,25/11/2023
IONIQ 5 ELECTRIC PRESTIGE 2WD,25/11/2023
AVANTE 1.6 DCT HYBRID ELITE (S/R),25/11/2023
IONIQ 5 ELECTRIC PRESTIGE 2WD,25/11/2023
IONIQ 5 ELECTRIC PRESTIGE 2WD,25/11/2023
IONIQ 5 ELECTRIC PRESTIGE 2WD,25/11/2023
IONIQ 5 ELECTRIC PRESTIGE 2WD,25/11/2023
IONIQ 5 ELECTRIC PRESTIGE 2WD,25/11/2023
IONIQ 5 ELECTRIC PRESTIGE 2WD,25/11/2023
IONIQ 5 ELECTRIC PRESTIGE 2WD,25/11/2023
IONIQ 5 ELECTRIC PRESTIGE 2WD,25/11/2023
IONIQ 5 ELECTRIC PRESTIGE 2WD,25/11/2023
IONIQ 5 ELECTRIC PRESTIGE 2WD,26/11/2023
IONIQ 5 ELECTRIC PRESTIGE 2WD,26/11/2023
IONIQ 5 ELECTRIC PRESTIGE 2WD,26/11/2023
IONIQ 5 ELECTRIC PRESTIGE 2WD,26/11/2023
IONIQ 5 ELECTRIC EXCLUSIVE 2WD,26/11/2023
IONIQ 5 ELECTRIC PRESTIGE 2WD,26/11/2023
TUCSON 1.6 TURBO HYBRID (S/R),28/11/2023
IONIQ 5 ELECTRIC PRESTIGE 2WD,28/11/2023
IONIQ 5 ELECTRIC PRESTIGE 2WD,28/11/2023
KONA 1.6 DCT HYBRID ELITE (S/R),29/11/2023
KONA 1.6 DCT HYBRID ELITE (S/R),29/11/2023
TUCSON 1.6 TURBO HYBRID (S/R),30/11/2023
TUCSON 1.6 TURBO HYBRID (S/R),30/11/2023
KONA 1.6 DCT GL HYBRID,30/11/2023
IONIQ 5 ELECTRIC PRESTIGE 2WD,30/11/2023
KONA 1.6 DCT HYBRID ELITE (S/R),01/12/2023
IONIQ 5 ELECTRIC PRESTIGE 2WD,01/12/2023
IONIQ 5 ELECTRIC PRESTIGE 2WD,01/12/2023
KONA 1.6 DCT HYBRID ELITE (S/R),01/12/2023
IONIQ 5 ELECTRIC PRESTIGE 2WD,01/12/2023
IONIQ 5 ELECTRIC PRESTIGE 2WD,01/12/2023
AVANTE 1.6 DCT HYBRID ELITE (S/R),01/12/2023
IONIQ 5 ELECTRIC PRESTIGE 2WD,02/12/2023
IONIQ 5 ELECTRIC PRESTIGE 2WD,02/12/2023
IONIQ 5 ELECTRIC PRESTIGE 2WD,02/12/2023
IONIQ 5 ELECTRIC PRESTIGE 2WD,02/12/2023
IONIQ 5 ELECTRIC EXCLUSIVE 2WD,02/12/2023
IONIQ 5 ELECTRIC PRESTIGE 2WD,02/12/2023
IONIQ 5 ELECTRIC PRESTIGE 2WD,02/12/2023
IONIQ 5 ELECTRIC PRESTIGE 2WD,02/12/2023
IONIQ 5 ELECTRIC EXCLUSIVE 2WD,02/12/2023
IONIQ 5 ELECTRIC PRESTIGE 2WD,03/12/2023
KONA 1.6 DCT HYBRID ELITE (S/R),03/12/2023
TUCSON 1.6 TURBO HYBRID (S/R),03/12/2023
TUCSON 1.6 TURBO HYBRID (S/R),03/12/2023
AVANTE 1.6 DCT HYBRID ELITE (S/R),03/12/2023
KONA 1.6 DCT GL HYBRID,03/12/2023
IONIQ 5 ELECTRIC PRESTIGE 2WD,03/12/2023
IONIQ 5 ELECTRIC PRESTIGE 2WD,03/12/2023
IONIQ 5 ELECTRIC PRESTIGE 2WD,03/12/2023
KONA 1.6 DCT GL HYBRID,03/12/2023
IONIQ 5 ELECTRIC PRESTIGE 2WD,03/12/2023
KONA 1.6 DCT GL HYBRID,04/12/2023
IONIQ 5 ELECTRIC PRESTIGE 2WD,04/12/2023
IONIQ 5 ELECTRIC PRESTIGE 2WD,04/12/2023
TUCSON 1.6 TURBO HYBRID (S/R),05/12/2023
TUCSON 1.6 TURBO HYBRID (S/R),05/12/2023
PALISADE 3.5 GLS AUTO (S/R) 7-SEATER,05/12/2023
IONIQ 5 ELECTRIC PRESTIGE 2WD,05/12/2023
IONIQ 5 ELECTRIC PRESTIGE 2WD,05/12/2023
IONIQ 5 ELECTRIC PRESTIGE 2WD,05/12/2023
IONIQ 5 ELECTRIC PRESTIGE 2WD,08/12/2023
IONIQ 5 ELECTRIC PRESTIGE 2WD,08/12/2023
IONIQ 5 ELECTRIC PRESTIGE 2WD,09/12/2023
IONIQ 5 ELECTRIC EXCLUSIVE 2WD,09/12/2023
IONIQ 5 ELECTRIC PRESTIGE 2WD,11/12/2023
IONIQ 5 ELECTRIC PRESTIGE 2WD,11/12/2023
KONA 1.6 DCT GL HYBRID (PHV),12/12/2023
KONA 1.6 DCT GL HYBRID (PHV),12/12/2023
KONA 1.6 DCT GL HYBRID (PHV),12/12/2023
KONA 1.6 DCT GL HYBRID (PHV),12/12/2023
KONA 1.6 DCT GL HYBRID (PHV),12/12/2023
KONA 1.6 DCT GL HYBRID (PHV),12/12/2023
KONA 1.6 DCT GL HYBRID (PHV),12/12/2023
KONA 1.6 DCT GL HYBRID (PHV),12/12/2023
KONA 1.6 DCT GL HYBRID (PHV),12/12/2023
KONA 1.6 DCT GL HYBRID (PHV),12/12/2023
KONA 1.6 DCT GL HYBRID (PHV),12/12/2023
KONA 1.6 DCT GL HYBRID (PHV),12/12/2023
KONA 1.6 DCT GL HYBRID (PHV),12/12/2023
KONA 1.6 DCT GL HYBRID (PHV),12/12/2023
KONA 1.6 DCT GL HYBRID (PHV),12/12/2023
IONIQ 5 ELECTRIC PRESTIGE 2WD,12/12/2023
IONIQ 5 ELECTRIC PRESTIGE 2WD,12/12/2023
KONA 1.6 DCT GL HYBRID,13/12/2023
IONIQ 5 ELECTRIC PRESTIGE 2WD,15/12/2023
IONIQ 5 ELECTRIC PRESTIGE 2WD,15/12/2023
KONA 1.6 DCT GL HYBRID,15/12/2023
KONA 1.6 DCT GL HYBRID,15/12/2023
KONA 1.6 DCT GL HYBRID,15/12/2023
AVANTE 1.6 DCT HYBRID ELITE (S/R),15/12/2023
IONIQ 5 ELECTRIC PRESTIGE 2WD,15/12/2023
IONIQ 5 ELECTRIC PRESTIGE 2WD,15/12/2023
KONA 1.6 DCT GL HYBRID,16/12/2023
KONA 1.6 DCT HYBRID ELITE (S/R),16/12/2023
KONA 1.6 DCT HYBRID ELITE (S/R),16/12/2023
IONIQ 5 ELECTRIC PRESTIGE 2WD,16/12/2023
KONA 1.6 DCT HYBRID ELITE (S/R),17/12/2023
KONA 1.6 DCT GL HYBRID,17/12/2023
IONIQ 5 ELECTRIC PRESTIGE 2WD,17/12/2023
IONIQ 5 ELECTRIC PRESTIGE 2WD,17/12/2023
STARIA 3.5 AUTO (S/R),17/12/2023
IONIQ 5 ELECTRIC PRESTIGE 2WD,17/12/2023
KONA 1.6 DCT HYBRID ELITE (S/R),18/12/2023
IONIQ 5 ELECTRIC PRESTIGE 2WD,18/12/2023
IONIQ 5 ELECTRIC PRESTIGE 2WD,18/12/2023
IONIQ 5 ELECTRIC PRESTIGE 2WD 77KWH,19/12/2023
AVANTE 1.6 DCT HYBRID ELITE (S/R),19/12/2023
KONA 1.6 DCT HYBRID ELITE (S/R),19/12/2023
IONIQ 5 ELECTRIC EXCLUSIVE 2WD,19/12/2023
IONIQ 5 ELECTRIC PRESTIGE 2WD,23/12/2023
KONA 1.6 DCT HYBRID ELITE (S/R),23/12/2023
KONA 1.6 DCT HYBRID ELITE (S/R),24/12/2023
IONIQ 5 ELECTRIC PRESTIGE 2WD,24/12/2023
IONIQ 5 ELECTRIC PRESTIGE 2WD,24/12/2023
IONIQ 5 ELECTRIC PRESTIGE 2WD,25/12/2023
STARIA 3.5 AUTO (S/R),26/12/2023
IONIQ 5 ELECTRIC PRESTIGE 2WD,26/12/2023
IONIQ 5 ELECTRIC PRESTIGE 2WD,27/12/2023
IONIQ 5 ELECTRIC PRESTIGE 2WD,27/12/2023
IONIQ 5 ELECTRIC PRESTIGE 2WD,27/12/2023
IONIQ 5 ELECTRIC PRESTIGE 2WD,27/12/2023
IONIQ 5 ELECTRIC PRESTIGE 2WD,28/12/2023
IONIQ 5 ELECTRIC PRESTIGE 2WD,28/12/2023
IONIQ 5 ELECTRIC PRESTIGE 2WD,29/12/2023
IONIQ 5 ELECTRIC PRESTIGE 2WD,29/12/2023
IONIQ 5 ELECTRIC PRESTIGE 2WD,30/12/2023
KONA 1.6 DCT GL HYBRID,30/12/2023
KONA 1.6 DCT HYBRID ELITE (S/R),31/12/2023
KONA 1.6 DCT HYBRID ELITE (S/R),31/12/2023
KONA 1.6 DCT GL HYBRID,31/12/2023
IONIQ 5 ELECTRIC PRESTIGE 2WD,31/12/2023
IONIQ 5 ELECTRIC PRESTIGE 2WD,31/12/2023
KONA 1.6 DCT HYBRID ELITE (S/R),31/12/2023
KONA 1.6 DCT GL HYBRID,31/12/2023
KONA 1.6 DCT GL HYBRID,31/12/2023
IONIQ 5 ELECTRIC PRESTIGE 2WD,31/12/2023
IONIQ 5 ELECTRIC PRESTIGE 2WD,01/01/2024
IONIQ 5 ELECTRIC PRESTIGE 2WD,01/01/2024
IONIQ 5 ELECTRIC PRESTIGE 2WD,02/01/2024
IONIQ 5 ELECTRIC PRESTIGE 2WD,02/01/2024
IONIQ 5 ELECTRIC PRESTIGE 2WD,02/01/2024
IONIQ 5 ELECTRIC PRESTIGE 2WD,02/01/2024
TUCSON 1.6 TURBO HYBRID (S/R),05/01/2024
IONIQ 5 ELECTRIC PRESTIGE 2WD 77KWH,05/01/2024
IONIQ 5 ELECTRIC PRESTIGE 2WD,05/01/2024
KONA 1.6 DCT HYBRID ELITE (S/R),05/01/2024
IONIQ 6 ELECTRIC AWD,05/01/2024
KONA 1.6 DCT HYBRID ELITE (S/R),05/01/2024
IONIQ 5 ELECTRIC EXCLUSIVE 2WD,05/01/2024
TUCSON 1.6 TURBO HYBRID (S/R),05/01/2024
TUCSON 1.6 TURBO HYBRID (S/R),05/01/2024
IONIQ 6 ELECTRIC AWD,05/01/2024
IONIQ 5 ELECTRIC PRESTIGE 2WD,05/01/2024
IONIQ 5 ELECTRIC PRESTIGE 2WD,06/01/2024
KONA 1.6 DCT HYBRID ELITE (S/R),06/01/2024
AVANTE 1.6 DCT HYBRID ELITE (S/R),06/01/2024
KONA ELECTRIC,06/01/2024
IONIQ 6 ELECTRIC 2WD,06/01/2024
KONA 1.6 DCT HYBRID ELITE (S/R),06/01/2024
IONIQ 6 ELECTRIC AWD,06/01/2024
AVANTE 1.6 DCT HYBRID ELITE (S/R),06/01/2024
IONIQ 5 ELECTRIC PRESTIGE 2WD,06/01/2024
IONIQ 5 ELECTRIC PRESTIGE 2WD,06/01/2024
IONIQ 5 ELECTRIC PRESTIGE 2WD,06/01/2024
IONIQ 5 ELECTRIC PRESTIGE 2WD,06/01/2024
IONIQ 5 ELECTRIC PRESTIGE 2WD,06/01/2024
KONA 1.6 DCT HYBRID ELITE (S/R),06/01/2024
KONA ELECTRIC S/R,06/01/2024
IONIQ 5 ELECTRIC PRESTIGE 2WD,06/01/2024
KONA 1.6 DCT HYBRID ELITE (S/R),06/01/2024
KONA 1.6 DCT HYBRID ELITE (S/R),06/01/2024
IONIQ 5 ELECTRIC PRESTIGE 2WD 77KWH,06/01/2024
KONA 1.6 DCT GL HYBRID,06/01/2024
IONIQ 5 ELECTRIC PRESTIGE 2WD,06/01/2024
KONA 1.6 DCT GL HYBRID,06/01/2024
IONIQ 6 ELECTRIC AWD,06/01/2024
KONA 1.6 DCT HYBRID ELITE (S/R),06/01/2024
IONIQ 5 ELECTRIC EXCLUSIVE 2WD,06/01/2024
KONA 1.6 DCT HYBRID ELITE (S/R),06/01/2024
IONIQ 5 ELECTRIC PRESTIGE 2WD,06/01/2024
IONIQ 5 ELECTRIC PRESTIGE 2WD,06/01/2024
IONIQ 5 ELECTRIC PRESTIGE 2WD,06/01/2024
KONA 1.6 DCT GL HYBRID,07/01/2024
KONA 1.6 DCT HYBRID ELITE (S/R),07/01/2024
IONIQ 6 ELECTRIC 2WD,07/01/2024
AVANTE 1.6 DCT HYBRID ELITE (S/R),07/01/2024
IONIQ 5 ELECTRIC EXCLUSIVE 2WD,07/01/2024
TUCSON 1.6 TURBO HYBRID (S/R),07/01/2024
AVANTE 1.6 DCT HYBRID ELITE (S/R),07/01/2024
KONA 1.6 DCT GL HYBRID,07/01/2024
IONIQ 5 ELECTRIC PRESTIGE 2WD,07/01/2024
IONIQ 5 ELECTRIC PRESTIGE 2WD,07/01/2024
KONA 1.6 DCT GL HYBRID,07/01/2024
IONIQ 5 ELECTRIC PRESTIGE 2WD,07/01/2024
IONIQ 5 ELECTRIC EXCLUSIVE 2WD,07/01/2024
IONIQ 6 ELECTRIC AWD,07/01/2024
KONA 1.6 DCT GL HYBRID,07/01/2024
KONA 1.6 DCT GL HYBRID,07/01/2024
KONA 1.6 DCT HYBRID ELITE (S/R),07/01/2024
KONA 1.6 DCT GL HYBRID,07/01/2024
KONA 1.6 DCT HYBRID ELITE (S/R),07/01/2024
IONIQ 6 ELECTRIC 2WD,07/01/2024
KONA ELECTRIC,07/01/2024
KONA 1.6 DCT GL HYBRID,07/01/2024
IONIQ 6 ELECTRIC 2WD,07/01/2024
KONA 1.6 DCT HYBRID ELITE (S/R),07/01/2024
IONIQ 5 ELECTRIC EXCLUSIVE 2WD,07/01/2024
IONIQ 5 ELECTRIC PRESTIGE 2WD,07/01/2024
IONIQ 5 ELECTRIC PRESTIGE 2WD,07/01/2024
IONIQ 5 ELECTRIC PRESTIGE 2WD,07/01/2024
IONIQ 5 ELECTRIC PRESTIGE 2WD,07/01/2024
IONIQ 5 ELECTRIC EXCLUSIVE 2WD,07/01/2024
IONIQ 5 ELECTRIC PRESTIGE 2WD,07/01/2024
IONIQ 5 ELECTRIC PRESTIGE 2WD,07/01/2024
IONIQ 6 ELECTRIC 2WD,07/01/2024
IONIQ 6 ELECTRIC AWD,07/01/2024
KONA 1.6 DCT GL HYBRID,08/01/2024
KONA 1.6 DCT GL HYBRID,08/01/2024
IONIQ 5 ELECTRIC PRESTIGE 2WD,08/01/2024
IONIQ 5 ELECTRIC PRESTIGE 2WD,08/01/2024
KONA 1.6 DCT HYBRID ELITE (S/R),08/01/2024
IONIQ 5 ELECTRIC PRESTIGE 2WD,08/01/2024
IONIQ 5 ELECTRIC PRESTIGE 2WD,08/01/2024
KONA 1.6 DCT GL HYBRID,08/01/2024
IONIQ 5 ELECTRIC PRESTIGE 2WD,08/01/2024
IONIQ 5 ELECTRIC PRESTIGE 2WD,08/01/2024
KONA 1.6 DCT GL HYBRID,08/01/2024
IONIQ 6 ELECTRIC 2WD,08/01/2024
KONA 1.6 DCT HYBRID ELITE (S/R),09/01/2024
IONIQ 5 ELECTRIC PRESTIGE 2WD,09/01/2024
KONA 1.6 DCT HYBRID ELITE (S/R),09/01/2024
KONA ELECTRIC S/R,09/01/2024
IONIQ 5 ELECTRIC EXCLUSIVE 2WD,09/01/2024
IONIQ 5 ELECTRIC PRESTIGE 2WD,09/01/2024
IONIQ 5 ELECTRIC PRESTIGE 2WD,09/01/2024
KONA 1.6 DCT HYBRID ELITE (S/R),10/01/2024
KONA 1.6 DCT GL HYBRID,10/01/2024
KONA ELECTRIC,10/01/2024
KONA 1.6 DCT HYBRID ELITE (S/R),10/01/2024
IONIQ 5 ELECTRIC PRESTIGE 2WD,10/01/2024
IONIQ 5 ELECTRIC PRESTIGE 2WD,10/01/2024
KONA 1.6 DCT HYBRID ELITE (S/R),10/01/2024
IONIQ 5 ELECTRIC PRESTIGE 2WD,10/01/2024
AVANTE 1.6 DCT HYBRID ELITE (S/R),10/01/2024
KONA 1.6 DCT GL HYBRID,10/01/2024
KONA 1.6 DCT GL HYBRID,10/01/2024
KONA ELECTRIC,10/01/2024
IONIQ 5 ELECTRIC PRESTIGE 2WD,10/01/2024
IONIQ 5 ELECTRIC PRESTIGE 2WD,10/01/2024
KONA ELECTRIC S/R,10/01/2024
KONA 1.6 DCT GL HYBRID,10/01/2024
IONIQ 6 ELECTRIC AWD,10/01/2024
IONIQ 6 ELECTRIC 2WD,10/01/2024
KONA 1.6 DCT GL HYBRID,10/01/2024
IONIQ 6 ELECTRIC 2WD,10/01/2024
IONIQ 6 ELECTRIC 2WD,10/01/2024
IONIQ 6 ELECTRIC 2WD,10/01/2024
IONIQ 6 ELECTRIC 2WD,10/01/2024
IONIQ 6 ELECTRIC 2WD,10/01/2024
IONIQ 6 ELECTRIC 2WD,10/01/2024
KONA ELECTRIC S/R,10/01/2024
IONIQ 6 ELECTRIC 2WD,10/01/2024
KONA 1.6 DCT GL HYBRID,10/01/2024
KONA ELECTRIC S/R,10/01/2024
AVANTE 1.6 DCT HYBRID ELITE (S/R),10/01/2024
IONIQ 5 ELECTRIC PRESTIGE 2WD,10/01/2024
KONA 1.6 DCT GL HYBRID,10/01/2024
KONA 1.6 DCT GL HYBRID,10/01/2024
KONA 1.6 DCT HYBRID ELITE (S/R),10/01/2024
IONIQ 5 ELECTRIC PRESTIGE 2WD,10/01/2024
IONIQ 5 ELECTRIC PRESTIGE 2WD,10/01/2024
KONA 1.6 DCT HYBRID ELITE (S/R),10/01/2024
KONA ELECTRIC S/R,11/01/2024
IONIQ 6 ELECTRIC 2WD,11/01/2024
KONA 1.6 DCT GL HYBRID,11/01/2024
IONIQ 6 ELECTRIC 2WD,11/01/2024
IONIQ 5 ELECTRIC PRESTIGE 2WD,11/01/2024
AVANTE 1.6 DCT HYBRID ELITE (S/R),11/01/2024
KONA ELECTRIC,11/01/2024
KONA ELECTRIC S/R,11/01/2024
IONIQ 5 ELECTRIC PRESTIGE 2WD,11/01/2024
KONA 1.6 DCT HYBRID ELITE (S/R),11/01/2024
IONIQ 5 ELECTRIC PRESTIGE 2WD,11/01/2024
KONA ELECTRIC S/R,11/01/2024
IONIQ 5 ELECTRIC PRESTIGE 2WD,12/01/2024
KONA 1.6 DCT GL HYBRID,12/01/2024
IONIQ 5 ELECTRIC PRESTIGE 2WD,12/01/2024
KONA ELECTRIC,12/01/2024
KONA 1.6 DCT HYBRID ELITE (S/R),12/01/2024
KONA 1.6 DCT HYBRID ELITE (S/R),12/01/2024
IONIQ 6 ELECTRIC 2WD,12/01/2024
AVANTE 1.6 DCT HYBRID ELITE (S/R),12/01/2024
IONIQ 6 ELECTRIC 2WD,12/01/2024
KONA 1.6 DCT GL HYBRID,12/01/2024
IONIQ 5 ELECTRIC PRESTIGE 2WD,12/01/2024
IONIQ 6 ELECTRIC 2WD,12/01/2024
KONA 1.6 DCT HYBRID ELITE (S/R),12/01/2024
IONIQ 6 ELECTRIC 2WD,12/01/2024
IONIQ 6 ELECTRIC 2WD,12/01/2024
IONIQ 5 ELECTRIC PRESTIGE 2WD,12/01/2024
IONIQ 5 ELECTRIC PRESTIGE 2WD,12/01/2024
IONIQ 5 ELECTRIC PRESTIGE 2WD,13/01/2024
IONIQ 5 ELECTRIC PRESTIGE 2WD,13/01/2024
IONIQ 5 ELECTRIC PRESTIGE 2WD 77KWH,13/01/2024
IONIQ 5 ELECTRIC PRESTIGE 2WD,13/01/2024
IONIQ 6 ELECTRIC 2WD,13/01/2024
IONIQ 5 ELECTRIC EXCLUSIVE 2WD,13/01/2024
IONIQ 5 ELECTRIC PRESTIGE 2WD,13/01/2024
KONA 1.6 DCT HYBRID ELITE (S/R),13/01/2024
IONIQ 5 ELECTRIC PRESTIGE 2WD,13/01/2024
KONA 1.6 DCT GL HYBRID,13/01/2024
KONA 1.6 DCT HYBRID ELITE (S/R),13/01/2024
IONIQ 5 ELECTRIC PRESTIGE 2WD 77KWH,13/01/2024
KONA 1.6 DCT GL HYBRID,13/01/2024
IONIQ 6 ELECTRIC 2WD,13/01/2024
KONA 1.6 DCT GL HYBRID,13/01/2024
KONA 1.6 DCT HYBRID ELITE (S/R),13/01/2024
IONIQ 5 ELECTRIC PRESTIGE 2WD,13/01/2024
KONA 1.6 DCT GL HYBRID,13/01/2024
KONA 1.6 DCT GL HYBRID,13/01/2024
IONIQ 5 ELECTRIC PRESTIGE 2WD,13/01/2024
IONIQ 5 ELECTRIC PRESTIGE 2WD,13/01/2024
KONA 1.6 DCT GL HYBRID,13/01/2024
KONA 1.6 DCT GL HYBRID,13/01/2024
KONA 1.6 DCT HYBRID ELITE (S/R),13/01/2024
KONA 1.6 DCT HYBRID ELITE (S/R),13/01/2024
IONIQ 5 ELECTRIC PRESTIGE 2WD,13/01/2024
KONA 1.6 DCT HYBRID ELITE (S/R),13/01/2024
IONIQ 5 ELECTRIC PRESTIGE 2WD,13/01/2024
IONIQ 5 ELECTRIC PRESTIGE 2WD,13/01/2024
IONIQ 5 ELECTRIC PRESTIGE 2WD,13/01/2024
IONIQ 5 ELECTRIC PRESTIGE 2WD,13/01/2024
KONA 1.6 DCT GL HYBRID,13/01/2024
KONA 1.6 DCT HYBRID ELITE (S/R),13/01/2024
IONIQ 5 ELECTRIC PRESTIGE 2WD,13/01/2024
IONIQ 5 ELECTRIC PRESTIGE 2WD,14/01/2024
KONA 1.6 DCT GL HYBRID,14/01/2024
IONIQ 5 ELECTRIC PRESTIGE 2WD,14/01/2024
IONIQ 5 ELECTRIC PRESTIGE 2WD,14/01/2024
KONA 1.6 DCT HYBRID ELITE (S/R),14/01/2024
IONIQ 5 ELECTRIC PRESTIGE 2WD,14/01/2024
KONA ELECTRIC,14/01/2024
KONA 1.6 DCT GL HYBRID,14/01/2024
KONA 1.6 DCT HYBRID ELITE (S/R),14/01/2024
IONIQ 5 ELECTRIC PRESTIGE 2WD,14/01/2024
IONIQ 5 ELECTRIC EXCLUSIVE 2WD,14/01/2024
KONA 1.6 DCT GL HYBRID,14/01/2024
KONA 1.6 DCT HYBRID ELITE (S/R),14/01/2024
IONIQ 5 ELECTRIC PRESTIGE 2WD,14/01/2024
KONA 1.6 DCT HYBRID ELITE (S/R),14/01/2024
KONA 1.6 DCT GL HYBRID,14/01/2024
AVANTE 1.6 DCT HYBRID ELITE (S/R),14/01/2024
IONIQ 5 ELECTRIC PRESTIGE 2WD,14/01/2024
IONIQ 5 ELECTRIC PRESTIGE 2WD,14/01/2024
KONA 1.6 DCT GL HYBRID,14/01/2024
KONA ELECTRIC,14/01/2024
KONA 1.6 DCT GL HYBRID,14/01/2024
KONA 1.6 DCT HYBRID ELITE (S/R),14/01/2024
KONA 1.6 DCT HYBRID ELITE (S/R),14/01/2024
IONIQ 6 ELECTRIC 2WD,14/01/2024
IONIQ 5 ELECTRIC PRESTIGE 2WD,14/01/2024
IONIQ 5 ELECTRIC PRESTIGE 2WD,14/01/2024
IONIQ 5 ELECTRIC PRESTIGE 2WD,14/01/2024
KONA 1.6 DCT HYBRID ELITE (S/R),14/01/2024
IONIQ 5 ELECTRIC PRESTIGE 2WD,14/01/2024
KONA 1.6 DCT GL HYBRID,14/01/2024
KONA 1.6 DCT HYBRID ELITE (S/R),14/01/2024
IONIQ 5 ELECTRIC PRESTIGE 2WD,14/01/2024
IONIQ 5 ELECTRIC PRESTIGE 2WD,14/01/2024
IONIQ 5 ELECTRIC PRESTIGE 2WD,14/01/2024
IONIQ 5 ELECTRIC PRESTIGE 2WD,14/01/2024
IONIQ 5 ELECTRIC PRESTIGE 2WD,14/01/2024
KONA 1.6 DCT HYBRID ELITE (S/R),14/01/2024
IONIQ 5 ELECTRIC PRESTIGE 2WD,14/01/2024
KONA 1.6 DCT HYBRID ELITE (S/R),14/01/2024
IONIQ 6 ELECTRIC 2WD,14/01/2024
IONIQ 5 ELECTRIC PRESTIGE 2WD,14/01/2024
IONIQ 5 ELECTRIC PRESTIGE 2WD,14/01/2024
IONIQ 5 ELECTRIC PRESTIGE 2WD,14/01/2024
IONIQ 5 ELECTRIC PRESTIGE 2WD,14/01/2024
IONIQ 5 ELECTRIC PRESTIGE 2WD,14/01/2024
IONIQ 5 ELECTRIC PRESTIGE 2WD,14/01/2024
IONIQ 5 ELECTRIC PRESTIGE 2WD,14/01/2024
IONIQ 5 ELECTRIC EXCLUSIVE 2WD,14/01/2024
KONA ELECTRIC,14/01/2024
KONA ELECTRIC,14/01/2024
KONA 1.6 DCT GL HYBRID,14/01/2024
IONIQ 5 ELECTRIC PRESTIGE 2WD,14/01/2024
KONA ELECTRIC,14/01/2024
IONIQ 5 ELECTRIC PRESTIGE 2WD,14/01/2024
KONA ELECTRIC S/R,15/01/2024
IONIQ 5 ELECTRIC EXCLUSIVE 2WD,15/01/2024
IONIQ 5 ELECTRIC PRESTIGE 2WD,15/01/2024
IONIQ 5 ELECTRIC PRESTIGE 2WD,15/01/2024
IONIQ 6 ELECTRIC 2WD,15/01/2024
IONIQ 5 ELECTRIC PRESTIGE 2WD,15/01/2024
KONA 1.6 DCT HYBRID ELITE (S/R),15/01/2024
IONIQ 6 ELECTRIC 2WD,15/01/2024
IONIQ 5 ELECTRIC PRESTIGE 2WD,15/01/2024
IONIQ 5 ELECTRIC PRESTIGE 2WD,15/01/2024
IONIQ 5 ELECTRIC PRESTIGE 2WD,15/01/2024
IONIQ 5 ELECTRIC EXCLUSIVE 2WD,15/01/2024
IONIQ 5 ELECTRIC PRESTIGE 2WD,15/01/2024
IONIQ 5 ELECTRIC PRESTIGE 2WD,15/01/2024
IONIQ 5 ELECTRIC PRESTIGE 2WD,15/01/2024
IONIQ 5 ELECTRIC EXCLUSIVE 2WD,15/01/2024
IONIQ 5 ELECTRIC PRESTIGE 2WD,15/01/2024
IONIQ 5 ELECTRIC PRESTIGE 2WD 77KWH,15/01/2024
KONA 1.6 DCT HYBRID ELITE (S/R),15/01/2024
AVANTE 1.6 DCT HYBRID ELITE (S/R),15/01/2024
IONIQ 5 ELECTRIC PRESTIGE 2WD,15/01/2024
KONA ELECTRIC,15/01/2024
IONIQ 5 ELECTRIC PRESTIGE 2WD,15/01/2024
IONIQ 5 ELECTRIC EXCLUSIVE 2WD,15/01/2024
IONIQ 5 ELECTRIC EXCLUSIVE 2WD,15/01/2024
IONIQ 5 ELECTRIC PRESTIGE 2WD,16/01/2024
IONIQ 5 ELECTRIC PRESTIGE 2WD,16/01/2024
IONIQ 5 ELECTRIC PRESTIGE 2WD,16/01/2024
IONIQ 6 ELECTRIC 2WD,16/01/2024
IONIQ 5 ELECTRIC PRESTIGE 2WD,16/01/2024
IONIQ 6 ELECTRIC 2WD,16/01/2024
IONIQ 5 ELECTRIC PRESTIGE 2WD,16/01/2024
IONIQ 6 ELECTRIC 2WD,16/01/2024
IONIQ 6 ELECTRIC 2WD,16/01/2024
KONA 1.6 DCT HYBRID ELITE (S/R),16/01/2024
IONIQ 6 ELECTRIC 2WD,16/01/2024
IONIQ 5 ELECTRIC PRESTIGE 2WD,16/01/2024
KONA ELECTRIC S/R,16/01/2024
IONIQ 5 ELECTRIC PRESTIGE 2WD,16/01/2024
IONIQ 5 ELECTRIC PRESTIGE 2WD,16/01/2024
IONIQ 5 ELECTRIC PRESTIGE 2WD,16/01/2024
AVANTE 1.6 DCT HYBRID ELITE (S/R),16/01/2024
IONIQ 5 ELECTRIC PRESTIGE 2WD,16/01/2024
KONA ELECTRIC,17/01/2024
KONA ELECTRIC S/R,17/01/2024
STARIA 3.5 AUTO (S/R),19/01/2024
KONA 1.6 DCT GL HYBRID,19/01/2024
IONIQ 5 ELECTRIC PRESTIGE 2WD,19/01/2024
IONIQ 6 ELECTRIC 2WD,20/01/2024
PALISADE 3.5 GLS AUTO (S/R) 7-SEATER,21/01/2024
AVANTE 1.6 DCT HYBRID ELITE (S/R),22/01/2024
IONIQ 5 ELECTRIC PRESTIGE 2WD,22/01/2024
KONA ELECTRIC,22/01/2024
KONA 1.6 DCT GL HYBRID (PHV),25/01/2024
KONA 1.6 DCT GL HYBRID (PHV),25/01/2024
KONA 1.6 DCT GL HYBRID (PHV),25/01/2024
KONA 1.6 DCT GL HYBRID (PHV),25/01/2024
KONA 1.6 DCT GL HYBRID (PHV),25/01/2024
KONA 1.6 DCT GL HYBRID (PHV),25/01/2024
KONA 1.6 DCT GL HYBRID (PHV),25/01/2024
KONA 1.6 DCT GL HYBRID (PHV),25/01/2024
KONA 1.6 DCT GL HYBRID (PHV),25/01/2024
KONA 1.6 DCT GL HYBRID (PHV),25/01/2024
KONA 1.6 DCT GL HYBRID (PHV),25/01/2024
AVANTE 1.6 DCT HYBRID ELITE (S/R),26/01/2024
IONIQ 5 ELECTRIC PRESTIGE 2WD,27/01/2024
KONA ELECTRIC,27/01/2024
IONIQ 5 ELECTRIC PRESTIGE 2WD,28/01/2024
KONA ELECTRIC,28/01/2024
IONIQ 6 ELECTRIC 2WD,28/01/2024
AVANTE 1.6 DCT HYBRID ELITE (S/R),29/01/2024
IONIQ 5 ELECTRIC PRESTIGE 2WD 77KWH,30/01/2024
"AVANTE 1.6 DCT HYBRID ""S""",30/01/2024
KONA 1.6 DCT HYBRID ELITE (S/R),30/01/2024
IONIQ 5 ELECTRIC PRESTIGE 2WD,31/01/2024
KONA 1.6 DCT HYBRID ELITE (S/R),31/01/2024
IONIQ 5 ELECTRIC PRESTIGE 2WD,31/01/2024
KONA 1.6 DCT GL HYBRID,01/02/2024
KONA 1.6 DCT GL HYBRID,01/02/2024
IONIQ 6 ELECTRIC 2WD,01/02/2024
"AVANTE 1.6 DCT HYBRID ""S""",01/02/2024
"AVANTE 1.6 DCT HYBRID ""S""",01/02/2024
"AVANTE 1.6 DCT HYBRID ""S""",01/02/2024
"AVANTE 1.6 DCT HYBRID ""S""",01/02/2024
"AVANTE 1.6 DCT HYBRID ""S""",01/02/2024
"AVANTE 1.6 DCT HYBRID ""S""",01/02/2024
"AVANTE 1.6 DCT HYBRID ""S""",01/02/2024
"AVANTE 1.6 DCT HYBRID ""S""",01/02/2024
"AVANTE 1.6 DCT HYBRID ""S""",01/02/2024
"AVANTE 1.6 DCT HYBRID ""S""",01/02/2024
KONA ELECTRIC S/R,02/02/2024
KONA 1.6 DCT GL HYBRID,03/02/2024
KONA 1.6 DCT GL HYBRID,03/02/2024
IONIQ 6 ELECTRIC 2WD,03/02/2024
IONIQ 6 ELECTRIC 2WD,04/02/2024
KONA 1.6 DCT HYBRID ELITE (S/R),04/02/2024
IONIQ 6 ELECTRIC 2WD,04/02/2024
IONIQ 6 ELECTRIC 2WD,04/02/2024
IONIQ 6 ELECTRIC 2WD,04/02/2024
IONIQ 5 ELECTRIC PRESTIGE 2WD,05/02/2024
KONA 1.6 DCT HYBRID ELITE (S/R),05/02/2024
AVANTE 1.6 DCT HYBRID ELITE (S/R),06/02/2024
IONIQ 5 ELECTRIC PRESTIGE 2WD,06/02/2024
IONIQ 5 ELECTRIC PRESTIGE 2WD,06/02/2024
IONIQ 6 ELECTRIC 2WD,07/02/2024
STARIA 3.5 AUTO (S/R),08/02/2024
KONA 1.6 DCT GL HYBRID,13/02/2024
AVANTE 1.6 DCT HYBRID ELITE (S/R),13/02/2024
"AVANTE 1.6 DCT HYBRID ""S""",14/02/2024
IONIQ 5 ELECTRIC INSPIRATION AWD,14/02/2024
IONIQ 6 ELECTRIC 2WD,14/02/2024
IONIQ 6 ELECTRIC 2WD,15/02/2024
AVANTE 1.6 DCT HYBRID ELITE (S/R),15/02/2024
IONIQ 5 ELECTRIC PRESTIGE 2WD,15/02/2024
KONA 1.6 DCT GL HYBRID,15/02/2024
IONIQ 6 ELECTRIC 2WD,15/02/2024
IONIQ 5 ELECTRIC PRESTIGE 2WD,16/02/2024
KONA ELECTRIC,17/02/2024
IONIQ 5 ELECTRIC PRESTIGE 2WD 77KWH,17/02/2024
KONA ELECTRIC,18/02/2024
IONIQ 5 ELECTRIC PRESTIGE 2WD,18/02/2024
KONA 1.6 DCT GL HYBRID,18/02/2024
IONIQ 6 ELECTRIC 2WD,18/02/2024
IONIQ 5 ELECTRIC PRESTIGE 2WD,18/02/2024
KONA 1.6 DCT HYBRID ELITE (S/R),18/02/2024
IONIQ 5 ELECTRIC PRESTIGE 2WD,18/02/2024
IONIQ 5 ELECTRIC PRESTIGE 2WD,18/02/2024
AVANTE 1.6 DCT HYBRID ELITE (S/R),18/02/2024
IONIQ 6 ELECTRIC 2WD,18/02/2024
KONA 1.6 DCT GL HYBRID,18/02/2024
KONA ELECTRIC,18/02/2024
IONIQ 5 ELECTRIC PRESTIGE 2WD,18/02/2024
KONA ELECTRIC S/R,18/02/2024
KONA ELECTRIC S/R,18/02/2024
"AVANTE 1.6 DCT HYBRID ""S""",19/02/2024
"AVANTE 1.6 DCT HYBRID ""S""",19/02/2024
"AVANTE 1.6 DCT HYBRID ""S""",19/02/2024
"AVANTE 1.6 DCT HYBRID ""S""",19/02/2024
"AVANTE 1.6 DCT HYBRID ""S""",19/02/2024
"AVANTE 1.6 DCT HYBRID ""S""",19/02/2024
"AVANTE 1.6 DCT HYBRID ""S""",19/02/2024
"AVANTE 1.6 DCT HYBRID ""S""",19/02/2024
"AVANTE 1.6 DCT HYBRID ""S""",19/02/2024
"AVANTE 1.6 DCT HYBRID ""S""",19/02/2024
KONA 1.6 DCT HYBRID ELITE (S/R),19/02/2024
IONIQ 6 ELECTRIC 2WD,19/02/2024
KONA ELECTRIC S/R,19/02/2024
PALISADE 3.5 GLS AUTO (S/R) 7-SEATER,19/02/2024
KONA 1.6 DCT GL HYBRID,19/02/2024
KONA ELECTRIC S/R,20/02/2024
AVANTE 1.6 DCT HYBRID ELITE (S/R),21/02/2024
"AVANTE 1.6 DCT HYBRID ""S""",21/02/2024
"AVANTE 1.6 DCT HYBRID ""S""",21/02/2024
KONA ELECTRIC S/R,22/02/2024
KONA 1.6 DCT HYBRID ELITE (S/R),22/02/2024
KONA ELECTRIC,23/02/2024
IONIQ 5 ELECTRIC PRESTIGE 2WD,23/02/2024
"AVANTE 1.6 DCT HYBRID ""S""",23/02/2024
KONA 1.6 DCT HYBRID ELITE (S/R),23/02/2024
KONA 1.6 DCT HYBRID ELITE (S/R),23/02/2024
KONA ELECTRIC,23/02/2024
KONA 1.6 DCT GL HYBRID,23/02/2024
IONIQ 5 ELECTRIC PRESTIGE 2WD,24/02/2024
AVANTE 1.6 DCT HYBRID ELITE (S/R),24/02/2024
IONIQ 5 ELECTRIC PRESTIGE 2WD,24/02/2024
KONA ELECTRIC,24/02/2024
AVANTE 1.6 DCT HYBRID ELITE (S/R),24/02/2024
AVANTE 1.6 DCT HYBRID ELITE (S/R),24/02/2024
IONIQ 5 ELECTRIC PRESTIGE 2WD 77KWH,24/02/2024
KONA 1.6 DCT HYBRID ELITE (S/R),24/02/2024
AVANTE 1.6 DCT HYBRID ELITE (S/R),24/02/2024
IONIQ 5 ELECTRIC PRESTIGE 2WD 77KWH,24/02/2024
KONA ELECTRIC S/R,24/02/2024
AVANTE 1.6 DCT HYBRID ELITE (S/R),25/02/2024
KONA ELECTRIC S/R,25/02/2024
IONIQ 5 ELECTRIC PRESTIGE 2WD 77KWH,25/02/2024
AVANTE 1.6 DCT HYBRID ELITE (S/R),25/02/2024
KONA 1.6 DCT HYBRID ELITE (S/R),25/02/2024
AVANTE 1.6 DCT HYBRID ELITE (S/R),25/02/2024
AVANTE 1.6 DCT HYBRID ELITE (S/R),25/02/2024
KONA ELECTRIC S/R,25/02/2024
IONIQ 5 ELECTRIC PRESTIGE 2WD,25/02/2024
KONA 1.6 DCT GL HYBRID,25/02/2024
KONA 1.6 DCT GL HYBRID,25/02/2024
IONIQ 5 ELECTRIC PRESTIGE 2WD,26/02/2024
AVANTE 1.6 DCT HYBRID ELITE (S/R),26/02/2024
AVANTE 1.6 DCT HYBRID ELITE (S/R),26/02/2024
IONIQ 5 ELECTRIC PRESTIGE 2WD,26/02/2024
IONIQ 5 ELECTRIC PRESTIGE 2WD,27/02/2024
IONIQ 5 ELECTRIC PRESTIGE 2WD,27/02/2024
IONIQ 6 ELECTRIC 2WD,27/02/2024
AVANTE 1.6 DCT HYBRID ELITE (S/R),27/02/2024
KONA 1.6 DCT HYBRID ELITE (S/R),27/02/2024
KONA ELECTRIC S/R,27/02/2024
IONIQ 5 ELECTRIC PRESTIGE 2WD 77KWH,28/02/2024
KONA 1.6 DCT HYBRID ELITE (S/R),28/02/2024
STARIA 2.2 CRDI A 3 SEATER (5DR),28/02/2024
"AVANTE 1.6 DCT HYBRID ""S""",01/03/2024
"AVANTE 1.6 DCT HYBRID ""S"" (PHV)",01/03/2024
"AVANTE 1.6 DCT HYBRID ""S""",01/03/2024
IONIQ 6 ELECTRIC 2WD,01/03/2024
KONA 1.6 DCT GL HYBRID,01/03/2024
KONA ELECTRIC S/R,01/03/2024
KONA ELECTRIC S/R,01/03/2024
KONA 1.6 DCT HYBRID ELITE (S/R),01/03/2024
KONA 1.6 DCT HYBRID ELITE (S/R),02/03/2024
IONIQ 5 ELECTRIC PRESTIGE 2WD,02/03/2024
IONIQ 5 ELECTRIC PRESTIGE 2WD,02/03/2024
AVANTE 1.6 DCT HYBRID ELITE (S/R),02/03/2024
IONIQ 6 ELECTRIC 2WD,02/03/2024
IONIQ 5 ELECTRIC PRESTIGE 2WD,02/03/2024
IONIQ 5 ELECTRIC PRESTIGE 2WD,02/03/2024
IONIQ 5 ELECTRIC PRESTIGE 2WD,02/03/2024
KONA ELECTRIC S/R,02/03/2024
KONA 1.6 DCT HYBRID ELITE (S/R),03/03/2024
KONA 1.6 DCT HYBRID ELITE (S/R),03/03/2024
KONA 1.6 DCT HYBRID ELITE (S/R),03/03/2024
IONIQ 5 ELECTRIC PRESTIGE 2WD,03/03/2024
KONA 1.6 DCT HYBRID ELITE (S/R),03/03/2024
KONA ELECTRIC,03/03/2024
IONIQ 5 ELECTRIC PRESTIGE 2WD,03/03/2024
IONIQ 5 ELECTRIC PRESTIGE 2WD,04/03/2024
AVANTE 1.6 DCT HYBRID ELITE (S/R),04/03/2024
IONIQ 6 ELECTRIC 2WD,04/03/2024
KONA 1.6 DCT GL HYBRID,04/03/2024
IONIQ 6 ELECTRIC 2WD,05/03/2024
IONIQ 5 ELECTRIC PRESTIGE 2WD,05/03/2024
KONA 1.6 DCT GL HYBRID,05/03/2024
KONA ELECTRIC,05/03/2024
KONA ELECTRIC S/R (LONG RANGE),06/03/2024
KONA 1.6 DCT GL HYBRID,07/03/2024
"AVANTE 1.6 DCT HYBRID ""S"" (PHV)",07/03/2024
"AVANTE 1.6 DCT HYBRID ""S"" (PHV)",07/03/2024
KONA 1.6 DCT HYBRID ELITE (S/R),07/03/2024
KONA ELECTRIC,07/03/2024
IONIQ 6 ELECTRIC 2WD,08/03/2024
KONA ELECTRIC S/R,08/03/2024
IONIQ 5 ELECTRIC INSPIRATION AWD,08/03/2024
KONA ELECTRIC S/R,08/03/2024
IONIQ 5 ELECTRIC PRESTIGE 2WD 77KWH,08/03/2024
IONIQ 5 ELECTRIC PRESTIGE 2WD 77KWH,09/03/2024
KONA ELECTRIC,09/03/2024
IONIQ 5 ELECTRIC PRESTIGE 2WD 77KWH,09/03/2024
IONIQ 5 ELECTRIC PRESTIGE 2WD,09/03/2024
IONIQ 5 ELECTRIC PRESTIGE 2WD 77KWH,10/03/2024
KONA 1.6 DCT HYBRID ELITE (S/R),10/03/2024
KONA ELECTRIC S/R,10/03/2024
AVANTE 1.6 DCT HYBRID ELITE (S/R),10/03/2024
KONA ELECTRIC S/R,10/03/2024
IONIQ 5 ELECTRIC INSPIRATION AWD,11/03/2024
AVANTE 1.6 DCT HYBRID ELITE (S/R),13/03/2024
"AVANTE 1.6 DCT HYBRID ""S"" (PHV)",14/03/2024
"AVANTE 1.6 DCT HYBRID ""S"" (PHV)",14/03/2024
"AVANTE 1.6 DCT HYBRID ""S"" (PHV)",14/03/2024
"AVANTE 1.6 DCT HYBRID ""S"" (PHV)",14/03/2024
"AVANTE 1.6 DCT HYBRID ""S"" (PHV)",14/03/2024
"AVANTE 1.6 DCT HYBRID ""S"" (PHV)",14/03/2024
AVANTE 1.6 DCT HYBRID ELITE (S/R),14/03/2024
IONIQ 6 ELECTRIC 2WD,14/03/2024
KONA ELECTRIC,15/03/2024
KONA 1.6 DCT HYBRID ELITE (S/R),16/03/2024
AVANTE 1.6 DCT HYBRID ELITE (S/R),16/03/2024
KONA 1.6 DCT HYBRID ELITE (S/R),16/03/2024
IONIQ 5 ELECTRIC PRESTIGE 2WD 77KWH,16/03/2024
IONIQ 5 ELECTRIC PRESTIGE 2WD 77KWH,16/03/2024
KONA 1.6 DCT GL HYBRID,17/03/2024
KONA ELECTRIC S/R,17/03/2024
KONA ELECTRIC,17/03/2024
IONIQ 5 ELECTRIC PRESTIGE 2WD,17/03/2024
KONA ELECTRIC S/R,17/03/2024
KONA 1.6 DCT HYBRID ELITE (S/R),17/03/2024
IONIQ 5 ELECTRIC PRESTIGE 2WD 77KWH,17/03/2024
KONA 1.6 DCT HYBRID ELITE (S/R),17/03/2024
IONIQ 5 ELECTRIC PRESTIGE 2WD,17/03/2024
AVANTE 1.6 DCT HYBRID ELITE (S/R),18/03/2024
IONIQ 6 ELECTRIC 2WD,18/03/2024
AVANTE 1.6 DCT HYBRID ELITE (S/R),18/03/2024
AVANTE 1.6 DCT HYBRID ELITE (S/R),18/03/2024
AVANTE 1.6 DCT HYBRID ELITE (S/R),18/03/2024
IONIQ 5 ELECTRIC INSPIRATION AWD,18/03/2024
IONIQ 6 ELECTRIC 2WD,19/03/2024
IONIQ 6 ELECTRIC 2WD,19/03/2024
KONA ELECTRIC S/R,19/03/2024
KONA ELECTRIC S/R,19/03/2024
IONIQ 5 ELECTRIC PRESTIGE 2WD,19/03/2024
"AVANTE 1.6 DCT HYBRID ""S"" (PHV)",20/03/2024
"AVANTE 1.6 DCT HYBRID ""S"" (PHV)",20/03/2024
"AVANTE 1.6 DCT HYBRID ""S""",20/03/2024
KONA 1.6 DCT GL HYBRID,20/03/2024
"AVANTE 1.6 DCT HYBRID ""S""",20/03/2024
KONA 1.6 DCT GL HYBRID,20/03/2024
"AVANTE 1.6 DCT HYBRID ""S""",20/03/2024
"AVANTE 1.6 DCT HYBRID ""S""",20/03/2024
AVANTE 1.6 DCT HYBRID ELITE (S/R),20/03/2024
KONA 1.6 DCT GL HYBRID (PHV),21/03/2024
KONA 1.6 DCT GL HYBRID (PHV),21/03/2024
KONA 1.6 DCT GL HYBRID (PHV),21/03/2024
KONA 1.6 DCT GL HYBRID (PHV),21/03/2024
KONA 1.6 DCT GL HYBRID (PHV),21/03/2024
KONA 1.6 DCT GL HYBRID (PHV),21/03/2024
KONA 1.6 DCT GL HYBRID (PHV),21/03/2024
KONA 1.6 DCT GL HYBRID (PHV),21/03/2024
KONA 1.6 DCT GL HYBRID (PHV),21/03/2024
KONA 1.6 DCT GL HYBRID (PHV),21/03/2024
KONA 1.6 DCT GL HYBRID,22/03/2024
AVANTE 1.6 DCT HYBRID ELITE (S/R),22/03/2024
AVANTE 1.6 DCT HYBRID ELITE (S/R),22/03/2024
IONIQ 6 ELECTRIC 2WD,23/03/2024
KONA 1.6 DCT HYBRID ELITE (S/R),23/03/2024
IONIQ 5 ELECTRIC PRESTIGE 2WD 77KWH,23/03/2024
KONA ELECTRIC,23/03/2024
KONA ELECTRIC S/R,23/03/2024
AVANTE 1.6 DCT HYBRID ELITE (S/R),23/03/2024
IONIQ 5 ELECTRIC PRESTIGE 2WD 77KWH,23/03/2024
IONIQ 6 ELECTRIC 2WD,23/03/2024
IONIQ 6 ELECTRIC 2WD,24/03/2024
AVANTE 1.6 DCT HYBRID ELITE (S/R),24/03/2024
IONIQ 5 ELECTRIC PRESTIGE 2WD 77KWH,24/03/2024
KONA ELECTRIC,24/03/2024
KONA ELECTRIC S/R,24/03/2024
IONIQ 5 ELECTRIC PRESTIGE 2WD 77KWH,24/03/2024
IONIQ 5 ELECTRIC PRESTIGE 2WD 77KWH,24/03/2024
IONIQ 5 ELECTRIC PRESTIGE 2WD 77KWH,24/03/2024
KONA ELECTRIC S/R,24/03/2024
KONA ELECTRIC S/R,24/03/2024
AVANTE 1.6 DCT HYBRID ELITE (S/R),24/03/2024
KONA ELECTRIC S/R,24/03/2024
KONA ELECTRIC,24/03/2024
IONIQ 5 ELECTRIC EXCLUSIVE 2WD,24/03/2024
KONA 1.6 DCT GL HYBRID,24/03/2024
KONA 1.6 DCT GL HYBRID,24/03/2024
IONIQ 5 ELECTRIC PRESTIGE 2WD,24/03/2024
IONIQ 6 ELECTRIC 2WD,24/03/2024
KONA 1.6 DCT GL HYBRID,24/03/2024
IONIQ 5 ELECTRIC PRESTIGE 2WD 77KWH,24/03/2024
KONA ELECTRIC,25/03/2024
IONIQ 5 ELECTRIC PRESTIGE 2WD 77KWH,25/03/2024
IONIQ 5 ELECTRIC PRESTIGE 2WD 77KWH,26/03/2024
KONA 1.6 DCT HYBRID ELITE (S/R),26/03/2024
"AVANTE 1.6 DCT HYBRID ""S"" (PHV)",27/03/2024
"AVANTE 1.6 DCT HYBRID ""S"" (PHV)",27/03/2024
"AVANTE 1.6 DCT HYBRID ""S"" (PHV)",27/03/2024
AVANTE 1.6 DCT HYBRID ELITE (S/R),27/03/2024
KONA ELECTRIC S/R,27/03/2024
AVANTE 1.6 DCT HYBRID ELITE (S/R),28/03/2024
AVANTE 1.6 DCT HYBRID ELITE (S/R),28/03/2024
AVANTE 1.6 DCT HYBRID ELITE (S/R),28/03/2024
KONA 1.6 DCT GL HYBRID,29/03/2024
IONIQ 5 ELECTRIC PRESTIGE 2WD 77KWH,29/03/2024
KONA 1.6 DCT HYBRID ELITE (S/R),30/03/2024
STARIA 3.5 AUTO (S/R),30/03/2024
KONA 1.6 DCT HYBRID ELITE (S/R),30/03/2024
KONA ELECTRIC,30/03/2024
AVANTE 1.6 DCT HYBRID ELITE (S/R),30/03/2024
IONIQ 6 ELECTRIC 2WD,31/03/2024
KONA ELECTRIC S/R,31/03/2024
IONIQ 5 ELECTRIC PRESTIGE 2WD,31/03/2024
KONA 1.6 DCT HYBRID ELITE (S/R),31/03/2024
KONA 1.6 DCT HYBRID ELITE (S/R),31/03/2024
KONA 1.6 DCT HYBRID ELITE (S/R),31/03/2024
IONIQ 5 ELECTRIC EXCLUSIVE 2WD,31/03/2024
IONIQ 5 ELECTRIC EXCLUSIVE 2WD,31/03/2024
IONIQ 5 ELECTRIC PRESTIGE 2WD,01/04/2024
KONA 1.6 DCT HYBRID ELITE (S/R),01/04/2024
IONIQ 5 ELECTRIC PRESTIGE 2WD,01/04/2024
"AVANTE 1.6 DCT HYBRID ""S""",01/04/2024
KONA 1.6 DCT GL HYBRID,01/04/2024
AVANTE 1.6 DCT HYBRID ELITE (S/R),01/04/2024
KONA 1.6 DCT GL HYBRID,01/04/2024
KONA 1.6 DCT GL HYBRID,02/04/2024
"AVANTE 1.6 DCT HYBRID ""S""",02/04/2024
IONIQ 6 ELECTRIC 2WD,02/04/2024
"AVANTE 1.6 DCT HYBRID ""S""",02/04/2024
KONA 1.6 DCT GL HYBRID,02/04/2024
"AVANTE 1.6 DCT HYBRID ""S""",02/04/2024
"AVANTE 1.6 DCT HYBRID ""S""",02/04/2024
"AVANTE 1.6 DCT HYBRID ""S""",02/04/2024
KONA 1.6 DCT HYBRID ELITE (S/R),02/04/2024
IONIQ 5 ELECTRIC PRESTIGE 2WD 77KWH,02/04/2024
"AVANTE 1.6 DCT HYBRID ""S""",02/04/2024
"AVANTE 1.6 DCT HYBRID ""S""",02/04/2024
"AVANTE 1.6 DCT HYBRID ""S""",02/04/2024
"AVANTE 1.6 DCT HYBRID ""S""",02/04/2024
"AVANTE 1.6 DCT HYBRID ""S""",02/04/2024
"AVANTE 1.6 DCT HYBRID ""S""",02/04/2024
KONA 1.6 DCT GL HYBRID,02/04/2024
KONA 1.6 DCT GL HYBRID,02/04/2024
KONA 1.6 DCT GL HYBRID,02/04/2024
KONA 1.6 DCT GL HYBRID,02/04/2024
KONA 1.6 DCT GL HYBRID,02/04/2024
KONA 1.6 DCT GL HYBRID,02/04/2024
KONA 1.6 DCT GL HYBRID,02/04/2024
KONA 1.6 DCT GL HYBRID,02/04/2024
KONA 1.6 DCT GL HYBRID,02/04/2024
KONA 1.6 DCT GL HYBRID,02/04/2024
"AVANTE 1.6 DCT HYBRID ""S""",03/04/2024
KONA 1.6 DCT GL HYBRID,03/04/2024
"AVANTE 1.6 DCT HYBRID ""S"" (PHV)",03/04/2024
"AVANTE 1.6 DCT HYBRID ""S"" (PHV)",03/04/2024
"AVANTE 1.6 DCT HYBRID ""S"" (PHV)",03/04/2024
AVANTE 1.6 DCT HYBRID ELITE (S/R),04/04/2024
IONIQ 5 ELECTRIC PRESTIGE 2WD,06/04/2024
KONA 1.6 DCT HYBRID ELITE (S/R),06/04/2024
KONA 1.6 DCT GL HYBRID,06/04/2024
IONIQ 6 ELECTRIC 2WD,06/04/2024
AVANTE 1.6 DCT HYBRID ELITE (S/R),06/04/2024
AVANTE 1.6 DCT HYBRID ELITE (S/R),07/04/2024
AVANTE 1.6 DCT HYBRID ELITE (S/R),07/04/2024
KONA 1.6 DCT GL HYBRID,07/04/2024
KONA ELECTRIC S/R,07/04/2024
KONA 1.6 DCT HYBRID ELITE (S/R),10/04/2024
IONIQ 5 ELECTRIC PRESTIGE 2WD,10/04/2024
IONIQ 5 ELECTRIC PRESTIGE 2WD,10/04/2024
IONIQ 5 ELECTRIC EXCLUSIVE 2WD,10/04/2024
KONA ELECTRIC S/R,10/04/2024
KONA ELECTRIC,10/04/2024
"AVANTE 1.6 DCT HYBRID ""S"" (PHV)",11/04/2024
"AVANTE 1.6 DCT HYBRID ""S"" (PHV)",11/04/2024
"AVANTE 1.6 DCT HYBRID ""S"" (PHV)",11/04/2024
"AVANTE 1.6 DCT HYBRID ""S"" (PHV)",11/04/2024
"AVANTE 1.6 DCT HYBRID ""S"" (PHV)",11/04/2024
"AVANTE 1.6 DCT HYBRID ""S"" (PHV)",11/04/2024
IONIQ 5 ELECTRIC EXCLUSIVE 2WD,11/04/2024
KONA 1.6 DCT GL HYBRID (PHV),12/04/2024
KONA 1.6 DCT GL HYBRID (PHV),12/04/2024
KONA 1.6 DCT GL HYBRID (PHV),12/04/2024
KONA 1.6 DCT GL HYBRID (PHV),12/04/2024
KONA 1.6 DCT GL HYBRID (PHV),12/04/2024
KONA 1.6 DCT GL HYBRID (PHV),12/04/2024
KONA 1.6 DCT GL HYBRID (PHV),12/04/2024
KONA 1.6 DCT GL HYBRID (PHV),12/04/2024
KONA 1.6 DCT GL HYBRID (PHV),12/04/2024
KONA ELECTRIC S/R,12/04/2024
IONIQ 5 ELECTRIC PRESTIGE 2WD,12/04/2024
KONA ELECTRIC S/R,12/04/2024
IONIQ 5 ELECTRIC EXCLUSIVE 2WD,13/04/2024
KONA 1.6 DCT HYBRID ELITE (S/R),13/04/2024
KONA 1.6 DCT HYBRID ELITE (S/R),13/04/2024
KONA 1.6 DCT GL HYBRID,13/04/2024
KONA 1.6 DCT HYBRID ELITE (S/R),13/04/2024
IONIQ 6 ELECTRIC 2WD,13/04/2024
KONA ELECTRIC S/R,13/04/2024
KONA 1.6 DCT GL HYBRID,13/04/2024
KONA 1.6 DCT GL HYBRID,13/04/2024
IONIQ 5 ELECTRIC PRESTIGE 2WD,13/04/2024
IONIQ 5 ELECTRIC PRESTIGE 2WD,13/04/2024
AVANTE 1.6 DCT HYBRID ELITE (S/R),13/04/2024
KONA 1.6 DCT GL HYBRID,13/04/2024
KONA ELECTRIC S/R,13/04/2024
IONIQ 6 ELECTRIC 2WD,13/04/2024
PALISADE 3.5 GLS AUTO (S/R) 7-SEATER,13/04/2024
IONIQ 5 ELECTRIC PRESTIGE 2WD,13/04/2024
IONIQ 5 ELECTRIC PRESTIGE 2WD,13/04/2024
IONIQ 5 ELECTRIC PRESTIGE 2WD,13/04/2024
IONIQ 5 ELECTRIC PRESTIGE 2WD,14/04/2024
KONA 1.6 DCT GL HYBRID,14/04/2024
IONIQ 5 ELECTRIC PRESTIGE 2WD,14/04/2024
KONA 1.6 DCT HYBRID ELITE (S/R),14/04/2024
KONA 1.6 DCT HYBRID ELITE (S/R),14/04/2024
IONIQ 6 ELECTRIC 2WD,14/04/2024
KONA 1.6 DCT HYBRID ELITE (S/R),14/04/2024
KONA 1.6 DCT HYBRID ELITE (S/R),14/04/2024
IONIQ 5 ELECTRIC PRESTIGE 2WD,14/04/2024
KONA ELECTRIC,14/04/2024
KONA 1.6 DCT GL HYBRID,14/04/2024
KONA 1.6 DCT GL HYBRID,14/04/2024
IONIQ 5 ELECTRIC PRESTIGE 2WD,14/04/2024
IONIQ 5 ELECTRIC PRESTIGE 2WD,14/04/2024
KONA ELECTRIC,14/04/2024
KONA 1.6 DCT GL HYBRID,14/04/2024
KONA 1.6 DCT HYBRID ELITE (S/R),14/04/2024
KONA ELECTRIC,14/04/2024
IONIQ 5 ELECTRIC PRESTIGE 2WD,14/04/2024
IONIQ 5 ELECTRIC PRESTIGE 2WD,14/04/2024
KONA 1.6 DCT HYBRID ELITE (S/R),14/04/2024
KONA 1.6 DCT HYBRID ELITE (S/R),14/04/2024
IONIQ 5 ELECTRIC PRESTIGE 2WD,14/04/2024
AVANTE 1.6 DCT HYBRID ELITE (S/R),14/04/2024
IONIQ 5 ELECTRIC EXCLUSIVE 2WD,15/04/2024
KONA 1.6 DCT HYBRID ELITE (S/R),15/04/2024
IONIQ 5 ELECTRIC PRESTIGE 2WD,15/04/2024
KONA 1.6 DCT HYBRID ELITE (S/R),15/04/2024
KONA ELECTRIC,15/04/2024
IONIQ 5 ELECTRIC PRESTIGE 2WD,16/04/2024
"AVANTE 1.6 DCT HYBRID ""S""",16/04/2024
KONA ELECTRIC,16/04/2024
IONIQ 5 ELECTRIC PRESTIGE 2WD,16/04/2024
KONA ELECTRIC,16/04/2024
IONIQ 5 ELECTRIC PRESTIGE 2WD,17/04/2024
IONIQ 5 ELECTRIC EXCLUSIVE 2WD,17/04/2024
KONA ELECTRIC S/R,19/04/2024
KONA ELECTRIC S/R,20/04/2024
KONA 1.6 DCT HYBRID ELITE (S/R),20/04/2024
KONA ELECTRIC,20/04/2024
KONA 1.6 DCT HYBRID ELITE (S/R),20/04/2024
KONA 1.6 DCT GL HYBRID,20/04/2024
KONA 1.6 DCT HYBRID ELITE (S/R),20/04/2024
AVANTE 1.6 DCT HYBRID ELITE (S/R),20/04/2024
IONIQ 5 ELECTRIC PRESTIGE 2WD 77KWH,20/04/2024
IONIQ 5 ELECTRIC PRESTIGE 2WD 77KWH,21/04/2024
KONA 1.6 DCT HYBRID ELITE (S/R),21/04/2024
KONA 1.6 DCT HYBRID ELITE (S/R),21/04/2024
KONA ELECTRIC S/R,21/04/2024
IONIQ 5 ELECTRIC PRESTIGE 2WD 77KWH,21/04/2024
KONA ELECTRIC,21/04/2024
IONIQ 5 ELECTRIC PRESTIGE 2WD,21/04/2024
KONA 1.6 DCT GL HYBRID (PHV),22/04/2024
KONA 1.6 DCT GL HYBRID (PHV),22/04/2024
KONA 1.6 DCT GL HYBRID (PHV),22/04/2024
KONA 1.6 DCT GL HYBRID (PHV),22/04/2024
KONA 1.6 DCT GL HYBRID (PHV),22/04/2024
KONA 1.6 DCT GL HYBRID (PHV),22/04/2024
KONA ELECTRIC S/R,23/04/2024
IONIQ 5 ELECTRIC PRESTIGE 2WD,24/04/2024
AVANTE 1.6 DCT HYBRID ELITE (S/R),24/04/2024
"AVANTE 1.6 DCT HYBRID ""S"" (PHV)",25/04/2024
"AVANTE 1.6 DCT HYBRID ""S"" (PHV)",25/04/2024
"AVANTE 1.6 DCT HYBRID ""S"" (PHV)",25/04/2024
"AVANTE 1.6 DCT HYBRID ""S"" (PHV)",25/04/2024
"AVANTE 1.6 DCT HYBRID ""S"" (PHV)",25/04/2024
IONIQ 5 ELECTRIC PRESTIGE 2WD,25/04/2024
KONA 1.6 DCT HYBRID ELITE (S/R),25/04/2024
KONA ELECTRIC S/R,26/04/2024
KONA 1.6 DCT HYBRID ELITE (S/R),26/04/2024
KONA 1.6 DCT HYBRID ELITE (S/R),27/04/2024
IONIQ 5 ELECTRIC PRESTIGE 2WD 77KWH,28/04/2024
KONA 1.6 DCT HYBRID ELITE (S/R),28/04/2024
IONIQ 6 ELECTRIC 2WD,28/04/2024
KONA 1.6 DCT HYBRID ELITE (S/R),28/04/2024
IONIQ 5 ELECTRIC PRESTIGE 2WD 77KWH,29/04/2024
IONIQ 5 ELECTRIC PRESTIGE 2WD,30/04/2024
KONA 1.6 DCT HYBRID ELITE (S/R),30/04/2024
KONA 1.6 DCT HYBRID ELITE (S/R),30/04/2024
IONIQ 5 ELECTRIC PRESTIGE 2WD 77KWH,30/04/2024
AVANTE 1.6 DCT HYBRID ELITE (S/R),30/04/2024
IONIQ 5 ELECTRIC PRESTIGE 2WD,01/05/2024
IONIQ 5 ELECTRIC INSPIRATION AWD,01/05/2024
AVANTE 1.6 DCT HYBRID ELITE (S/R),01/05/2024
KONA 1.6 DCT GL HYBRID,01/05/2024
KONA ELECTRIC S/R,01/05/2024
"AVANTE 1.6 DCT HYBRID ""S"" (PHV)",02/05/2024
"AVANTE 1.6 DCT HYBRID ""S"" (PHV)",02/05/2024
"AVANTE 1.6 DCT HYBRID ""S"" (PHV)",02/05/2024
IONIQ 5 ELECTRIC EXCLUSIVE 2WD,03/05/2024
IONIQ 5 ELECTRIC PRESTIGE 2WD,04/05/2024
IONIQ 5 ELECTRIC PRESTIGE 2WD,04/05/2024
IONIQ 5 ELECTRIC PRESTIGE 2WD,04/05/2024
IONIQ 5 ELECTRIC PRESTIGE 2WD 77KWH,05/05/2024
KONA 1.6 DCT HYBRID ELITE (S/R),05/05/2024
IONIQ 6 ELECTRIC 2WD,05/05/2024
KONA 1.6 DCT GL HYBRID,06/05/2024
IONIQ 5 ELECTRIC PRESTIGE 2WD,06/05/2024
IONIQ 5 ELECTRIC PRESTIGE 2WD,06/05/2024
KONA 1.6 DCT HYBRID ELITE (S/R),07/05/2024
"AVANTE 1.6 DCT HYBRID ""S"" (PHV)",09/05/2024
"AVANTE 1.6 DCT HYBRID ""S"" (PHV)",09/05/2024
"AVANTE 1.6 DCT HYBRID ""S"" (PHV)",09/05/2024
IONIQ 5 ELECTRIC PRESTIGE 2WD,10/05/2024
KONA 1.6 DCT HYBRID ELITE (S/R),12/05/2024
KONA 1.6 DCT GL HYBRID,12/05/2024
KONA ELECTRIC S/R,13/05/2024
KONA 1.6 DCT HYBRID ELITE (S/R),13/05/2024
IONIQ 5 ELECTRIC PRESTIGE 2WD,13/05/2024
IONIQ 6 ELECTRIC 2WD,15/05/2024
KONA 1.6 DCT GL HYBRID (PHV),15/05/2024
KONA 1.6 DCT GL HYBRID (PHV),15/05/2024
KONA 1.6 DCT GL HYBRID (PHV),15/05/2024
IONIQ 5 ELECTRIC EXCLUSIVE 2WD,15/05/2024
"AVANTE 1.6 DCT HYBRID ""S"" (PHV)",16/05/2024
"AVANTE 1.6 DCT HYBRID ""S"" (PHV)",16/05/2024
"AVANTE 1.6 DCT HYBRID ""S"" (PHV)",16/05/2024
"AVANTE 1.6 DCT HYBRID ""S"" (PHV)",16/05/2024
"AVANTE 1.6 DCT HYBRID ""S"" (PHV)",16/05/2024
"AVANTE 1.6 DCT HYBRID ""S"" (PHV)",16/05/2024
"AVANTE 1.6 DCT HYBRID ""S"" (PHV)",16/05/2024
"AVANTE 1.6 DCT HYBRID ""S"" (PHV)",16/05/2024
"AVANTE 1.6 DCT HYBRID ""S"" (PHV)",16/05/2024
"AVANTE 1.6 DCT HYBRID ""S"" (PHV)",16/05/2024
"AVANTE 1.6 DCT HYBRID ""S"" (PHV)",16/05/2024
"AVANTE 1.6 DCT HYBRID ""S"" (PHV)",16/05/2024
"AVANTE 1.6 DCT HYBRID ""S"" (PHV)",16/05/2024
"AVANTE 1.6 DCT HYBRID ""S"" (PHV)",16/05/2024
"AVANTE 1.6 DCT HYBRID ""S"" (PHV)",16/05/2024
IONIQ 5 ELECTRIC PRESTIGE 2WD,16/05/2024
IONIQ 5 ELECTRIC PRESTIGE 2WD,17/05/2024
SANTA FE 1.6 TURBO HYBRID (S/R) 7-SEATER,17/05/2024
SANTA FE 1.6 TURBO HYBRID (S/R) 7-SEATER,18/05/2024
SANTA FE 1.6 TURBO HYBRID 7-SEATER,18/05/2024
KONA 1.6 DCT HYBRID ELITE (S/R),18/05/2024
SANTA FE 1.6 TURBO HYBRID (S/R) 7-SEATER,18/05/2024
AVANTE 1.6 DCT HYBRID ELITE (S/R),18/05/2024
SANTA FE 1.6 TURBO HYBRID (S/R) 7-SEATER,18/05/2024
STARIA 3.5 AUTO (S/R),18/05/2024
SANTA FE 1.6 TURBO HYBRID (S/R) 7-SEATER,18/05/2024
SANTA FE 1.6 TURBO HYBRID (S/R) 7-SEATER,18/05/2024
SANTA FE 1.6 TURBO HYBRID (S/R) 7-SEATER,18/05/2024
SANTA FE 1.6 TURBO HYBRID (S/R) 7-SEATER,18/05/2024
SANTA FE 1.6 TURBO HYBRID (S/R) 7-SEATER,18/05/2024
SANTA FE 1.6 TURBO HYBRID (S/R) 7-SEATER,19/05/2024
SANTA FE 1.6 TURBO HYBRID (S/R) 7-SEATER,19/05/2024
KONA 1.6 DCT GL HYBRID,19/05/2024
AVANTE 1.6 DCT HYBRID ELITE (S/R),19/05/2024
SANTA FE 1.6 TURBO HYBRID (S/R) 7-SEATER,19/05/2024
SANTA FE 1.6 TURBO HYBRID (S/R) 7-SEATER,19/05/2024
SANTA FE 1.6 TURBO HYBRID (S/R) 7-SEATER,19/05/2024
IONIQ 5 ELECTRIC PRESTIGE 2WD,19/05/2024
SANTA FE 1.6 TURBO HYBRID (S/R) 7-SEATER,19/05/2024
IONIQ 5 ELECTRIC PRESTIGE 2WD,19/05/2024
SANTA FE 1.6 TURBO HYBRID (S/R) 7-SEATER,19/05/2024
SANTA FE 1.6 TURBO HYBRID (S/R) 7-SEATER,19/05/2024
SANTA FE 1.6 TURBO HYBRID (S/R) 7-SEATER,19/05/2024
IONIQ 5 ELECTRIC PRESTIGE 2WD,19/05/2024
SANTA FE 1.6 TURBO HYBRID (S/R) 7-SEATER,19/05/2024
SANTA FE 1.6 TURBO HYBRID (S/R) 7-SEATER,19/05/2024
SANTA FE 1.6 TURBO HYBRID (S/R) 7-SEATER,20/05/2024
KONA 1.6 DCT HYBRID ELITE (S/R),20/05/2024
"AVANTE 1.6 DCT HYBRID ""S""",20/05/2024
SANTA FE 1.6 TURBO HYBRID (S/R) 7-SEATER,20/05/2024
KONA 1.6 DCT GL HYBRID,20/05/2024
SANTA FE 1.6 TURBO HYBRID (S/R) 7-SEATER,20/05/2024
SANTA FE 1.6 TURBO HYBRID (S/R) 7-SEATER,20/05/2024
SANTA FE 1.6 TURBO HYBRID (S/R) 7-SEATER,20/05/2024
SANTA FE 1.6 TURBO HYBRID (S/R) 7-SEATER,20/05/2024
SANTA FE 1.6 TURBO HYBRID (S/R) 7-SEATER,21/05/2024
SANTA FE 1.6 TURBO HYBRID (S/R) 7-SEATER,21/05/2024
SANTA FE 1.6 TURBO HYBRID (S/R) 7-SEATER,21/05/2024
SANTA FE 1.6 TURBO HYBRID (S/R) 7-SEATER,21/05/2024
SANTA FE 1.6 TURBO HYBRID 7-SEATER,21/05/2024
SANTA FE 1.6 TURBO HYBRID (S/R) 7-SEATER,21/05/2024
"AVANTE 1.6 DCT HYBRID ""S"" (PHV)",21/05/2024
"AVANTE 1.6 DCT HYBRID ""S"" (PHV)",21/05/2024
"AVANTE 1.6 DCT HYBRID ""S"" (PHV)",21/05/2024
"AVANTE 1.6 DCT HYBRID ""S"" (PHV)",21/05/2024
SANTA FE 1.6 TURBO HYBRID (S/R) 7-SEATER,21/05/2024
IONIQ 5 ELECTRIC PRESTIGE 2WD,21/05/2024
IONIQ 5 ELECTRIC PRESTIGE 2WD,21/05/2024
SANTA FE 1.6 TURBO HYBRID (S/R) 7-SEATER,21/05/2024
SANTA FE 1.6 TURBO HYBRID (S/R) 7-SEATER,22/05/2024
SANTA FE 1.6 TURBO HYBRID (S/R) 7-SEATER,22/05/2024
KONA 1.6 DCT HYBRID ELITE (S/R),22/05/2024
SANTA FE 1.6 TURBO HYBRID (S/R) 7-SEATER,22/05/2024
SANTA FE 1.6 TURBO HYBRID (S/R) 7-SEATER,22/05/2024
SANTA FE 1.6 TURBO HYBRID (S/R) 7-SEATER,22/05/2024
KONA 1.6 DCT GL HYBRID,22/05/2024
SANTA FE 1.6 TURBO HYBRID 7-SEATER,22/05/2024
SANTA FE 1.6 TURBO HYBRID (S/R) 7-SEATER,22/05/2024
SANTA FE 1.6 TURBO HYBRID 7-SEATER,22/05/2024
SANTA FE 1.6 TURBO HYBRID (S/R) 7-SEATER,22/05/2024
KONA 1.6 DCT GL HYBRID,22/05/2024
SANTA FE 1.6 TURBO HYBRID 7-SEATER,22/05/2024
SANTA FE 1.6 TURBO HYBRID (S/R) 7-SEATER,22/05/2024
KONA 1.6 DCT GL HYBRID,22/05/2024
SANTA FE 1.6 TURBO HYBRID (S/R) 7-SEATER,22/05/2024
IONIQ 5 ELECTRIC PRESTIGE 2WD,22/05/2024
SANTA FE 1.6 TURBO HYBRID 7-SEATER,22/05/2024
IONIQ 5 ELECTRIC PRESTIGE 2WD,22/05/2024
SANTA FE 1.6 TURBO HYBRID 7-SEATER,22/05/2024
SANTA FE 1.6 TURBO HYBRID (S/R) 7-SEATER,22/05/2024
SANTA FE 1.6 TURBO HYBRID (S/R) 7-SEATER,22/05/2024
SANTA FE 1.6 TURBO HYBRID (S/R) 7-SEATER,23/05/2024
SANTA FE 1.6 TURBO HYBRID (S/R) 7-SEATER,23/05/2024
SANTA FE 1.6 TURBO HYBRID (S/R) 7-SEATER,23/05/2024
KONA 1.6 DCT GL HYBRID (PHV),24/05/2024
KONA 1.6 DCT GL HYBRID (PHV),24/05/2024
KONA 1.6 DCT GL HYBRID (PHV),24/05/2024
KONA 1.6 DCT GL HYBRID (PHV),24/05/2024
SANTA FE 1.6 TURBO HYBRID (S/R) 7-SEATER,24/05/2024
KONA ELECTRIC S/R,24/05/2024
SANTA FE 1.6 TURBO HYBRID (S/R) 7-SEATER,24/05/2024
SANTA FE 1.6 TURBO HYBRID 7-SEATER,24/05/2024
SANTA FE 1.6 TURBO HYBRID (S/R) 7-SEATER,24/05/2024
IONIQ 5 ELECTRIC PRESTIGE 2WD 77KWH,25/05/2024
SANTA FE 1.6 TURBO HYBRID (S/R) 7-SEATER,25/05/2024
KONA 1.6 DCT GL HYBRID,25/05/2024
IONIQ 5 ELECTRIC PRESTIGE 2WD,25/05/2024
KONA 1.6 DCT GL HYBRID,25/05/2024
SANTA FE 1.6 TURBO HYBRID (S/R) 7-SEATER,25/05/2024
KONA 1.6 DCT GL HYBRID,25/05/2024
KONA 1.6 DCT GL HYBRID,25/05/2024
SANTA FE 1.6 TURBO HYBRID (S/R) 7-SEATER,25/05/2024
SANTA FE 1.6 TURBO HYBRID (S/R) 7-SEATER,25/05/2024
SANTA FE 1.6 TURBO HYBRID 7-SEATER,25/05/2024
IONIQ 5 ELECTRIC PRESTIGE 2WD,26/05/2024
SANTA FE 1.6 TURBO HYBRID (S/R) 7-SEATER,26/05/2024
KONA 1.6 DCT HYBRID ELITE (S/R),26/05/2024
IONIQ 5 ELECTRIC PRESTIGE 2WD 77KWH,26/05/2024
SANTA FE 1.6 TURBO HYBRID (S/R) 7-SEATER,26/05/2024
SANTA FE 1.6 TURBO HYBRID 7-SEATER,26/05/2024
SANTA FE 1.6 TURBO HYBRID (S/R) 7-SEATER,27/05/2024
KONA 1.6 DCT HYBRID ELITE (S/R),27/05/2024
SANTA FE 1.6 TURBO HYBRID (S/R) 7-SEATER,27/05/2024
SANTA FE 1.6 TURBO HYBRID (S/R) 7-SEATER,28/05/2024
SANTA FE 1.6 TURBO HYBRID (S/R) 7-SEATER,29/05/2024
KONA 1.6 DCT GL HYBRID,29/05/2024
KONA 1.6 DCT GL HYBRID,29/05/2024
KONA 1.6 DCT GL HYBRID,29/05/2024
SANTA FE 1.6 TURBO HYBRID (S/R) 7-SEATER,29/05/2024
IONIQ 5 ELECTRIC EXCLUSIVE 2WD,30/05/2024
KONA ELECTRIC S/R,30/05/2024
SANTA FE 1.6 TURBO HYBRID (S/R) 7-SEATER,30/05/2024
"AVANTE 1.6 DCT HYBRID ""S"" (PHV)",30/05/2024
"AVANTE 1.6 DCT HYBRID ""S"" (PHV)",30/05/2024
"AVANTE 1.6 DCT HYBRID ""S"" (PHV)",30/05/2024
"AVANTE 1.6 DCT HYBRID ""S"" (PHV)",30/05/2024
"AVANTE 1.6 DCT HYBRID ""S"" (PHV)",30/05/2024
"AVANTE 1.6 DCT HYBRID ""S"" (PHV)",30/05/2024
AVANTE 1.6 DCT HYBRID ELITE (S/R),30/05/2024
SANTA FE 1.6 TURBO HYBRID (S/R) 7-SEATER,30/05/2024
SANTA FE 1.6 TURBO HYBRID (S/R) 7-SEATER,31/05/2024
IONIQ 5 ELECTRIC PRESTIGE 2WD,31/05/2024
KONA 1.6 DCT GL HYBRID,31/05/2024
KONA 1.6 DCT GL HYBRID,31/05/2024
KONA 1.6 DCT GL HYBRID,31/05/2024
KONA 1.6 DCT GL HYBRID,31/05/2024
SANTA FE 1.6 TURBO HYBRID (S/R) 7-SEATER,01/06/2024
SANTA FE 1.6 TURBO HYBRID (S/R) 7-SEATER,01/06/2024
SANTA FE 1.6 TURBO HYBRID (S/R) 7-SEATER,01/06/2024
SANTA FE 1.6 TURBO HYBRID (S/R) 7-SEATER,01/06/2024
KONA 1.6 DCT HYBRID ELITE (S/R),01/06/2024
SANTA FE 1.6 TURBO HYBRID (S/R) 7-SEATER,01/06/2024
SANTA FE 1.6 TURBO HYBRID 7-SEATER,01/06/2024
KONA 1.6 DCT GL HYBRID,01/06/2024
SANTA FE 1.6 TURBO HYBRID (S/R) 7-SEATER,01/06/2024
IONIQ 5 ELECTRIC PRESTIGE 2WD 77KWH,01/06/2024
SANTA FE 1.6 TURBO HYBRID (S/R) 7-SEATER,01/06/2024
SANTA FE 1.6 TURBO HYBRID (S/R) 7-SEATER,01/06/2024
"AVANTE 1.6 DCT HYBRID ""S""",01/06/2024
KONA 1.6 DCT GL HYBRID,01/06/2024
IONIQ 5 ELECTRIC PRESTIGE 2WD,01/06/2024
IONIQ 5 ELECTRIC PRESTIGE 2WD,01/06/2024
IONIQ 5 ELECTRIC EXCLUSIVE 2WD,01/06/2024
KONA ELECTRIC S/R,02/06/2024
SANTA FE 1.6 TURBO HYBRID (S/R) 7-SEATER,02/06/2024
IONIQ 5 ELECTRIC EXCLUSIVE 2WD,02/06/2024
SANTA FE 1.6 TURBO HYBRID (S/R) 7-SEATER,02/06/2024
SANTA FE 1.6 TURBO HYBRID (S/R) 7-SEATER,02/06/2024
IONIQ 5 ELECTRIC PRESTIGE 2WD 77KWH,02/06/2024
KONA 1.6 DCT HYBRID ELITE (S/R),02/06/2024
SANTA FE 1.6 TURBO HYBRID 7-SEATER,02/06/2024
IONIQ 5 ELECTRIC PRESTIGE 2WD,03/06/2024
SANTA FE 1.6 TURBO HYBRID (S/R) 7-SEATER,03/06/2024
SANTA FE 1.6 TURBO HYBRID 7-SEATER,03/06/2024
IONIQ 5 ELECTRIC PRESTIGE 2WD,03/06/2024
IONIQ 5 ELECTRIC PRESTIGE 2WD,04/06/2024
SANTA FE 1.6 TURBO HYBRID (S/R) 7-SEATER,04/06/2024
SANTA FE 1.6 TURBO HYBRID (S/R) 7-SEATER,04/06/2024
KONA 1.6 DCT HYBRID ELITE (S/R),04/06/2024
KONA 1.6 DCT GL HYBRID,04/06/2024
KONA 1.6 DCT GL HYBRID,04/06/2024
KONA 1.6 DCT GL HYBRID,04/06/2024
KONA 1.6 DCT GL HYBRID,04/06/2024
KONA 1.6 DCT GL HYBRID,04/06/2024
KONA 1.6 DCT GL HYBRID,04/06/2024
KONA 1.6 DCT GL HYBRID,04/06/2024
IONIQ 5 ELECTRIC PRESTIGE 2WD,04/06/2024
SANTA FE 1.6 TURBO HYBRID 7-SEATER,04/06/2024
KONA 1.6 DCT HYBRID ELITE (S/R),05/06/2024
SANTA FE 1.6 TURBO HYBRID (S/R) 7-SEATER,05/06/2024
"AVANTE 1.6 DCT HYBRID ""S"" (PHV)",05/06/2024
"AVANTE 1.6 DCT HYBRID ""S"" (PHV)",05/06/2024
"AVANTE 1.6 DCT HYBRID ""S"" (PHV)",05/06/2024
"AVANTE 1.6 DCT HYBRID ""S"" (PHV)",05/06/2024
KONA 1.6 DCT HYBRID ELITE (S/R),06/06/2024
IONIQ 5 ELECTRIC PRESTIGE 2WD 77KWH,07/06/2024
SANTA FE 1.6 TURBO HYBRID (S/R) 7-SEATER,07/06/2024
IONIQ 5 ELECTRIC PRESTIGE 2WD,08/06/2024
IONIQ 5 ELECTRIC PRESTIGE 2WD,08/06/2024
KONA 1.6 DCT GL HYBRID,08/06/2024
IONIQ 5 ELECTRIC EXCLUSIVE 2WD,08/06/2024
PALISADE 3.5 GLS AUTO (S/R) 7-SEATER,08/06/2024
SANTA FE 1.6 TURBO HYBRID (S/R) 7-SEATER,08/06/2024
IONIQ 5 ELECTRIC PRESTIGE 2WD 77KWH,09/06/2024
KONA 1.6 DCT HYBRID ELITE (S/R),09/06/2024
KONA 1.6 DCT HYBRID ELITE (S/R),09/06/2024
IONIQ 5 ELECTRIC EXCLUSIVE 2WD,09/06/2024
IONIQ 5 ELECTRIC PRESTIGE 2WD,09/06/2024
KONA 1.6 DCT GL HYBRID (PHV),10/06/2024
KONA 1.6 DCT GL HYBRID (PHV),10/06/2024
KONA 1.6 DCT GL HYBRID (PHV),10/06/2024
KONA 1.6 DCT GL HYBRID (PHV),10/06/2024
KONA 1.6 DCT GL HYBRID (PHV),10/06/2024
KONA 1.6 DCT GL HYBRID (PHV),10/06/2024
KONA 1.6 DCT GL HYBRID (PHV),10/06/2024
KONA 1.6 DCT GL HYBRID (PHV),10/06/2024
KONA 1.6 DCT GL HYBRID (PHV),10/06/2024
SANTA FE 1.6 TURBO HYBRID 7-SEATER,10/06/2024
SANTA FE 1.6 TURBO HYBRID 7-SEATER,10/06/2024
SANTA FE 1.6 TURBO HYBRID 7-SEATER,10/06/2024
KONA ELECTRIC,10/06/2024
KONA 1.6 DCT HYBRID ELITE (S/R),10/06/2024
KONA ELECTRIC,10/06/2024
IONIQ 5 ELECTRIC PRESTIGE 2WD,11/06/2024
KONA 1.6 DCT GL HYBRID,11/06/2024
IONIQ 5 ELECTRIC EXCLUSIVE 2WD,11/06/2024
IONIQ 5 ELECTRIC EXCLUSIVE 2WD,12/06/2024
SANTA FE 1.6 TURBO HYBRID 7-SEATER,12/06/2024
"AVANTE 1.6 DCT HYBRID ""S"" (PHV)",12/06/2024
"AVANTE 1.6 DCT HYBRID ""S"" (PHV)",12/06/2024
"AVANTE 1.6 DCT HYBRID ""S"" (PHV)",12/06/2024
"AVANTE 1.6 DCT HYBRID ""S"" (PHV)",12/06/2024
"AVANTE 1.6 DCT HYBRID ""S"" (PHV)",12/06/2024
"AVANTE 1.6 DCT HYBRID ""S"" (PHV)",12/06/2024
"AVANTE 1.6 DCT HYBRID ""S"" (PHV)",12/06/2024
"AVANTE 1.6 DCT HYBRID ""S"" (PHV)",12/06/2024
"AVANTE 1.6 DCT HYBRID ""S"" (PHV)",12/06/2024
AVANTE 1.6 DCT HYBRID ELITE (S/R),13/06/2024
IONIQ 5 ELECTRIC PRESTIGE 2WD,13/06/2024
IONIQ 5 ELECTRIC PRESTIGE 2WD,14/06/2024
IONIQ 5 ELECTRIC PRESTIGE 2WD,14/06/2024
IONIQ 5 ELECTRIC PRESTIGE 2WD,14/06/2024
IONIQ 5 ELECTRIC EXCLUSIVE 2WD,14/06/2024
AVANTE 1.6 DCT HYBRID ELITE (S/R),14/06/2024
IONIQ 5 ELECTRIC EXCLUSIVE 2WD,14/06/2024
IONIQ 5 ELECTRIC EXCLUSIVE 2WD,14/06/2024
IONIQ 5 ELECTRIC PRESTIGE 2WD 77KWH,14/06/2024
KONA 1.6 DCT HYBRID ELITE (S/R),15/06/2024
IONIQ 5 ELECTRIC PRESTIGE 2WD,15/06/2024
SANTA FE 1.6 TURBO HYBRID (S/R) 7-SEATER,15/06/2024
KONA ELECTRIC S/R,15/06/2024
SANTA FE 1.6 TURBO HYBRID (S/R) 7-SEATER,15/06/2024
SANTA FE 1.6 TURBO HYBRID (S/R) 7-SEATER,15/06/2024
IONIQ 5 ELECTRIC PRESTIGE 2WD,15/06/2024
KONA ELECTRIC,15/06/2024
IONIQ 5 ELECTRIC EXCLUSIVE 2WD,15/06/2024
AVANTE 1.6 DCT HYBRID ELITE (S/R),16/06/2024
AVANTE 1.6 DCT HYBRID ELITE (S/R),16/06/2024
IONIQ 5 ELECTRIC PRESTIGE 2WD,16/06/2024
SANTA FE 1.6 TURBO HYBRID (S/R) 7-SEATER,16/06/2024
IONIQ 5 ELECTRIC PRESTIGE 2WD,16/06/2024
SANTA FE 1.6 TURBO HYBRID 7-SEATER,16/06/2024
SANTA FE 1.6 TURBO HYBRID (S/R) 7-SEATER,16/06/2024
AVANTE 1.6 DCT HYBRID ELITE (S/R),16/06/2024
KONA ELECTRIC,16/06/2024
AVANTE 1.6 DCT HYBRID ELITE (S/R),16/06/2024
AVANTE 1.6 DCT HYBRID ELITE (S/R),16/06/2024
IONIQ 5 ELECTRIC PRESTIGE 2WD,17/06/2024
AVANTE 1.6 DCT HYBRID ELITE (S/R),17/06/2024
AVANTE 1.6 DCT HYBRID ELITE (S/R),17/06/2024
AVANTE 1.6 DCT HYBRID ELITE (S/R),17/06/2024
IONIQ 5 ELECTRIC PRESTIGE 2WD 77KWH,17/06/2024
IONIQ 5 ELECTRIC PRESTIGE 2WD,17/06/2024
KONA 1.6 DCT GL HYBRID,17/06/2024
KONA 1.6 DCT HYBRID ELITE (S/R),17/06/2024
IONIQ 5 ELECTRIC EXCLUSIVE 2WD,18/06/2024
IONIQ 5 ELECTRIC EXCLUSIVE 2WD,18/06/2024
IONIQ 5 ELECTRIC EXCLUSIVE 2WD,18/06/2024
IONIQ 5 ELECTRIC PRESTIGE 2WD,18/06/2024
KONA 1.6 DCT GL HYBRID,18/06/2024
KONA ELECTRIC S/R,18/06/2024
IONIQ 5 ELECTRIC EXCLUSIVE 2WD,19/06/2024
SANTA FE 1.6 TURBO HYBRID (S/R) 7-SEATER,19/06/2024
AVANTE 1.6 DCT HYBRID ELITE (S/R),19/06/2024
KONA 1.6 DCT HYBRID ELITE (S/R),19/06/2024
IONIQ 5 ELECTRIC PRESTIGE 2WD,19/06/2024
KONA 1.6 DCT HYBRID ELITE (S/R),19/06/2024
AVANTE 1.6 DCT HYBRID ELITE (S/R),19/06/2024
KONA ELECTRIC,19/06/2024
AVANTE 1.6 DCT HYBRID ELITE (S/R),20/06/2024
"AVANTE 1.6 DCT HYBRID ""S"" (PHV)",20/06/2024
"AVANTE 1.6 DCT HYBRID ""S"" (PHV)",20/06/2024
"AVANTE 1.6 DCT HYBRID ""S"" (PHV)",20/06/2024
"AVANTE 1.6 DCT HYBRID ""S"" (PHV)",20/06/2024
"AVANTE 1.6 DCT HYBRID ""S"" (PHV)",20/06/2024
"AVANTE 1.6 DCT HYBRID ""S"" (PHV)",20/06/2024
"AVANTE 1.6 DCT HYBRID ""S"" (PHV)",20/06/2024
KONA 1.6 DCT HYBRID ELITE (S/R),21/06/2024
KONA 1.6 DCT GL HYBRID (PHV),21/06/2024
KONA 1.6 DCT GL HYBRID (PHV),21/06/2024
KONA 1.6 DCT GL HYBRID (PHV),21/06/2024
KONA 1.6 DCT GL HYBRID (PHV),21/06/2024
KONA 1.6 DCT GL HYBRID (PHV),21/06/2024
SANTA FE 1.6 TURBO HYBRID (S/R) 7-SEATER,22/06/2024
IONIQ 5 ELECTRIC EXCLUSIVE 2WD,22/06/2024
IONIQ 5 ELECTRIC PRESTIGE 2WD,22/06/2024
IONIQ 5 ELECTRIC EXCLUSIVE 2WD,22/06/2024
AVANTE 1.6 DCT HYBRID ELITE (S/R),23/06/2024
IONIQ 5 ELECTRIC EXCLUSIVE 2WD,23/06/2024
KONA 1.6 DCT HYBRID ELITE (S/R),23/06/2024
KONA 1.6 DCT HYBRID ELITE (S/R),24/06/2024
IONIQ 5N ELECTRIC AWD,25/06/2024
KONA 1.6 DCT HYBRID ELITE (S/R),25/06/2024
AVANTE 1.6 DCT HYBRID ELITE (S/R),25/06/2024
AVANTE 1.6 DCT HYBRID ELITE (S/R),25/06/2024
KONA ELECTRIC S/R,25/06/2024
KONA ELECTRIC S/R,26/06/2024
KONA 1.6 DCT GL HYBRID,26/06/2024
AVANTE 1.6 DCT HYBRID ELITE (S/R),26/06/2024
SANTA FE 1.6 TURBO HYBRID (S/R) 7-SEATER,26/06/2024
"AVANTE 1.6 DCT HYBRID ""S"" (PHV)",27/06/2024
"AVANTE 1.6 DCT HYBRID ""S"" (PHV)",27/06/2024
"AVANTE 1.6 DCT HYBRID ""S"" (PHV)",27/06/2024
"AVANTE 1.6 DCT HYBRID ""S"" (PHV)",27/06/2024
"AVANTE 1.6 DCT HYBRID ""S"" (PHV)",27/06/2024
"AVANTE 1.6 DCT HYBRID ""S"" (PHV)",27/06/2024
"AVANTE 1.6 DCT HYBRID ""S"" (PHV)",27/06/2024
"AVANTE 1.6 DCT HYBRID ""S"" (PHV)",27/06/2024
"AVANTE 1.6 DCT HYBRID ""S"" (PHV)",27/06/2024
KONA 1.6 DCT GL HYBRID,28/06/2024
IONIQ 5 ELECTRIC PRESTIGE 2WD,28/06/2024
KONA 1.6 DCT GL HYBRID,28/06/2024
KONA ELECTRIC S/R,28/06/2024
KONA 1.6 DCT HYBRID ELITE (S/R),28/06/2024
SANTA FE 1.6 TURBO HYBRID (S/R) 7-SEATER,28/06/2024
KONA ELECTRIC S/R,28/06/2024
AVANTE 1.6 DCT HYBRID ELITE (S/R),28/06/2024
AVANTE 1.6 DCT HYBRID ELITE (S/R),28/06/2024
AVANTE 1.6 DCT HYBRID ELITE (S/R),28/06/2024
KONA ELECTRIC S/R,28/06/2024
IONIQ 5 ELECTRIC EXCLUSIVE 2WD,29/06/2024
IONIQ 5 ELECTRIC EXCLUSIVE 2WD,29/06/2024
IONIQ 5 ELECTRIC PRESTIGE 2WD,29/06/2024
AVANTE 1.6 DCT HYBRID ELITE (S/R),29/06/2024
IONIQ 5 ELECTRIC PRESTIGE 2WD,29/06/2024
SANTA FE 1.6 TURBO HYBRID (S/R) 7-SEATER,29/06/2024
IONIQ 5 ELECTRIC EXCLUSIVE 2WD,29/06/2024
AVANTE 1.6 DCT HYBRID ELITE (S/R),29/06/2024
IONIQ 5 ELECTRIC PRESTIGE 2WD,29/06/2024
AVANTE 1.6 DCT HYBRID ELITE (S/R),29/06/2024
KONA 1.6 DCT HYBRID ELITE (S/R),29/06/2024
IONIQ 5 ELECTRIC EXCLUSIVE 2WD,29/06/2024
IONIQ 5 ELECTRIC EXCLUSIVE 2WD,29/06/2024
AVANTE 1.6 DCT HYBRID ELITE (S/R),30/06/2024
SANTA FE 1.6 TURBO HYBRID 7-SEATER,30/06/2024
SANTA FE 1.6 TURBO HYBRID (S/R) 7-SEATER,30/06/2024
KONA 1.6 DCT HYBRID ELITE (S/R),30/06/2024
IONIQ 5 ELECTRIC EXCLUSIVE 2WD,30/06/2024
IONIQ 5 ELECTRIC EXCLUSIVE 2WD,30/06/2024
AVANTE 1.6 DCT HYBRID ELITE (S/R),30/06/2024
IONIQ 5 ELECTRIC PRESTIGE 2WD,30/06/2024
KONA ELECTRIC S/R (LONG RANGE),30/06/2024
IONIQ 5 ELECTRIC EXCLUSIVE 2WD,30/06/2024
SANTA FE 1.6 TURBO HYBRID 7-SEATER,30/06/2024
SANTA FE 1.6 TURBO HYBRID 7-SEATER,30/06/2024
IONIQ 5 ELECTRIC EXCLUSIVE 2WD,30/06/2024
KONA 1.6 DCT HYBRID ELITE (S/R),30/06/2024
AVANTE 1.6 DCT HYBRID ELITE (S/R),30/06/2024
IONIQ 5 ELECTRIC PRESTIGE 2WD,30/06/2024
KONA ELECTRIC,30/06/2024
IONIQ 5 ELECTRIC EXCLUSIVE 2WD,30/06/2024
SANTA FE 1.6 TURBO HYBRID (S/R) 7-SEATER,30/06/2024
KONA 1.6 DCT HYBRID ELITE (S/R),30/06/2024
KONA 1.6 DCT HYBRID ELITE (S/R),30/06/2024
KONA 1.6 DCT HYBRID ELITE (S/R),30/06/2024
IONIQ 5 ELECTRIC PRESTIGE 2WD,01/07/2024
SANTA FE 1.6 TURBO HYBRID 7-SEATER,01/07/2024
SANTA FE 1.6 TURBO HYBRID (S/R) 7-SEATER,01/07/2024
KONA 1.6 DCT GL HYBRID,01/07/2024
SANTA FE 1.6 TURBO HYBRID (S/R) 7-SEATER,01/07/2024
IONIQ 5 ELECTRIC PRESTIGE 2WD,02/07/2024
IONIQ 5 ELECTRIC EXCLUSIVE 2WD,02/07/2024
KONA ELECTRIC,02/07/2024
KONA 1.6 DCT GL HYBRID,03/07/2024
KONA 1.6 DCT GL HYBRID,03/07/2024
KONA 1.6 DCT GL HYBRID,03/07/2024
SANTA FE 1.6 TURBO HYBRID (S/R) 7-SEATER,03/07/2024
AVANTE 1.6 DCT HYBRID ELITE (S/R),03/07/2024
"AVANTE 1.6 DCT HYBRID ""S"" (PHV)",03/07/2024
"AVANTE 1.6 DCT HYBRID ""S"" (PHV)",03/07/2024
"AVANTE 1.6 DCT HYBRID ""S"" (PHV)",03/07/2024
"AVANTE 1.6 DCT HYBRID ""S"" (PHV)",03/07/2024
IONIQ 5N ELECTRIC AWD,04/07/2024
AVANTE 1.6 DCT HYBRID ELITE (S/R),04/07/2024
SANTA FE 1.6 TURBO HYBRID (S/R) 7-SEATER,04/07/2024
IONIQ 5 ELECTRIC EXCLUSIVE 2WD,05/07/2024
AVANTE 1.6 DCT HYBRID ELITE (S/R),05/07/2024
IONIQ 5N ELECTRIC AWD,05/07/2024
AVANTE 1.6 DCT HYBRID ELITE (S/R),06/07/2024
IONIQ 5 ELECTRIC EXCLUSIVE 2WD,06/07/2024
SANTA FE 1.6 TURBO HYBRID (S/R) 7-SEATER,06/07/2024
IONIQ 5 ELECTRIC INSPIRATION AWD,06/07/2024
SANTA FE 1.6 TURBO HYBRID 7-SEATER,06/07/2024
SANTA FE 1.6 TURBO HYBRID (S/R) 7-SEATER,06/07/2024
IONIQ 5 ELECTRIC PRESTIGE 2WD,07/07/2024
KONA 1.6 DCT GL HYBRID,07/07/2024
SANTA FE 1.6 TURBO HYBRID (S/R) 7-SEATER,07/07/2024
AVANTE 1.6 DCT HYBRID ELITE (S/R),07/07/2024
IONIQ 5 ELECTRIC EXCLUSIVE 2WD,07/07/2024
SANTA FE 1.6 TURBO HYBRID 7-SEATER,07/07/2024
SANTA FE 1.6 TURBO HYBRID 7-SEATER,07/07/2024
SANTA FE 1.6 TURBO HYBRID 7-SEATER,07/07/2024
AVANTE 1.6 DCT HYBRID ELITE (S/R),08/07/2024
IONIQ 5 ELECTRIC EXCLUSIVE 2WD,08/07/2024
IONIQ 5 ELECTRIC EXCLUSIVE 2WD,09/07/2024
KONA ELECTRIC,09/07/2024
IONIQ 5N ELECTRIC AWD,09/07/2024
KONA 1.6 DCT HYBRID ELITE (S/R),09/07/2024
SANTA FE 1.6 TURBO HYBRID (S/R) 7-SEATER,09/07/2024
SANTA FE 1.6 TURBO HYBRID (S/R) 7-SEATER,10/07/2024
"AVANTE 1.6 DCT HYBRID ""S"" (PHV)",11/07/2024
"AVANTE 1.6 DCT HYBRID ""S"" (PHV)",11/07/2024
"AVANTE 1.6 DCT HYBRID ""S"" (PHV)",11/07/2024
"AVANTE 1.6 DCT HYBRID ""S"" (PHV)",11/07/2024
"AVANTE 1.6 DCT HYBRID ""S"" (PHV)",11/07/2024
"AVANTE 1.6 DCT HYBRID ""S"" (PHV)",11/07/2024
"AVANTE 1.6 DCT HYBRID ""S"" (PHV)",11/07/2024
KONA 1.6 DCT HYBRID ELITE (S/R),11/07/2024
AVANTE 1.6 DCT HYBRID ELITE (S/R),11/07/2024
AVANTE 1.6 DCT HYBRID ELITE (S/R),11/07/2024
AVANTE 1.6 DCT HYBRID ELITE (S/R),11/07/2024
AVANTE 1.6 DCT HYBRID ELITE (S/R),11/07/2024
AVANTE 1.6 DCT HYBRID ELITE (S/R),11/07/2024
AVANTE 1.6 DCT HYBRID ELITE (S/R),11/07/2024
AVANTE 1.6 DCT HYBRID ELITE (S/R),11/07/2024
AVANTE 1.6 DCT HYBRID ELITE (S/R),11/07/2024
AVANTE 1.6 DCT HYBRID ELITE (S/R),11/07/2024
AVANTE 1.6 DCT HYBRID ELITE (S/R),11/07/2024
AVANTE 1.6 DCT HYBRID ELITE (S/R),11/07/2024
AVANTE 1.6 DCT HYBRID ELITE (S/R),11/07/2024
AVANTE 1.6 DCT HYBRID ELITE (S/R),11/07/2024
AVANTE 1.6 DCT HYBRID ELITE (S/R),11/07/2024
AVANTE 1.6 DCT HYBRID ELITE (S/R),11/07/2024
AVANTE 1.6 DCT HYBRID ELITE (S/R),11/07/2024
AVANTE 1.6 DCT HYBRID ELITE (S/R),11/07/2024
AVANTE 1.6 DCT HYBRID ELITE (S/R),11/07/2024
AVANTE 1.6 DCT HYBRID ELITE (S/R),11/07/2024
AVANTE 1.6 DCT HYBRID ELITE (S/R),11/07/2024
STARIA 3.5 AUTO (S/R),11/07/2024
AVANTE 1.6 DCT HYBRID ELITE (S/R),12/07/2024
KONA 1.6 DCT GL HYBRID,12/07/2024
KONA 1.6 DCT GL HYBRID,12/07/2024
AVANTE 1.6 DCT HYBRID ELITE (S/R),12/07/2024
SANTA FE 1.6 TURBO HYBRID (S/R) 7-SEATER,12/07/2024
KONA 1.6 DCT GL HYBRID,13/07/2024
SANTA FE 1.6 TURBO HYBRID (S/R) 7-SEATER,13/07/2024
KONA ELECTRIC,13/07/2024
IONIQ 5 ELECTRIC EXCLUSIVE 2WD,13/07/2024
SANTA FE 1.6 TURBO HYBRID (S/R) 7-SEATER,13/07/2024
KONA ELECTRIC S/R,13/07/2024
IONIQ 5 ELECTRIC PRESTIGE 2WD,13/07/2024
AVANTE 1.6 DCT HYBRID ELITE (S/R),13/07/2024
AVANTE 1.6 DCT HYBRID ELITE (S/R),13/07/2024
AVANTE 1.6 DCT HYBRID ELITE (S/R),14/07/2024
SANTA FE 1.6 TURBO HYBRID (S/R) 7-SEATER,14/07/2024
SANTA FE 1.6 TURBO HYBRID 7-SEATER,14/07/2024
KONA 1.6 DCT HYBRID ELITE (S/R),14/07/2024
SANTA FE 1.6 TURBO HYBRID (S/R) 7-SEATER,14/07/2024
IONIQ 5 ELECTRIC PRESTIGE 2WD,14/07/2024
KONA ELECTRIC S/R,15/07/2024
AVANTE 1.6 DCT HYBRID ELITE (S/R),15/07/2024
KONA ELECTRIC S/R,15/07/2024
KONA 1.6 DCT GL HYBRID,15/07/2024
SANTA FE 1.6 TURBO HYBRID (S/R) 7-SEATER,15/07/2024
KONA ELECTRIC,15/07/2024
KONA 1.6 DCT HYBRID ELITE (S/R),15/07/2024
KONA ELECTRIC,15/07/2024
IONIQ 5 ELECTRIC PRESTIGE 2WD,15/07/2024
KONA 1.6 DCT GL HYBRID,16/07/2024
KONA 1.6 DCT GL HYBRID,16/07/2024
KONA 1.6 DCT HYBRID ELITE (S/R),16/07/2024
AVANTE 1.6 DCT HYBRID ELITE (S/R),16/07/2024
SANTA FE 1.6 TURBO HYBRID (S/R) 7-SEATER,17/07/2024
"AVANTE 1.6 DCT HYBRID ""S""",17/07/2024
SANTA FE 1.6 TURBO HYBRID 7-SEATER,17/07/2024
IONIQ 6 ELECTRIC PRESTIGE 2WD,20/07/2024
IONIQ 5 ELECTRIC PRESTIGE 2WD,20/07/2024
IONIQ 5 ELECTRIC PRESTIGE 2WD,20/07/2024
IONIQ 5 ELECTRIC PRESTIGE 2WD,20/07/2024
IONIQ 6 ELECTRIC PRESTIGE 2WD,20/07/2024
IONIQ 6 ELECTRIC PRESTIGE 2WD,20/07/2024
IONIQ 6 ELECTRIC PRESTIGE 2WD,21/07/2024
IONIQ 6 ELECTRIC PRESTIGE 2WD,21/07/2024
IONIQ 5 ELECTRIC PRESTIGE 2WD,21/07/2024
IONIQ 6 ELECTRIC PRESTIGE 2WD,21/07/2024
IONIQ 5 ELECTRIC PRESTIGE 2WD,21/07/2024
SANTA FE 1.6 TURBO HYBRID (S/R) 7-SEATER,21/07/2024
AVANTE 1.6 DCT HYBRID ELITE (S/R),21/07/2024
IONIQ 6 ELECTRIC PRESTIGE 2WD,21/07/2024
IONIQ 6 ELECTRIC PRESTIGE 2WD,21/07/2024
AVANTE 1.6 DCT HYBRID ELITE (S/R),21/07/2024
SANTA FE 1.6 TURBO HYBRID (S/R) 7-SEATER,22/07/2024
IONIQ 6 ELECTRIC PRESTIGE 2WD,22/07/2024
AVANTE 1.6 DCT HYBRID ELITE (S/R),22/07/2024
AVANTE 1.6 DCT HYBRID ELITE (S/R),22/07/2024
AVANTE 1.6 DCT HYBRID ELITE (S/R),22/07/2024
AVANTE 1.6 DCT HYBRID ELITE (S/R),22/07/2024
AVANTE 1.6 DCT HYBRID ELITE (S/R),22/07/2024
AVANTE 1.6 DCT HYBRID ELITE (S/R),22/07/2024
AVANTE 1.6 DCT HYBRID ELITE (S/R),22/07/2024
AVANTE 1.6 DCT HYBRID ELITE (S/R),22/07/2024
AVANTE 1.6 DCT HYBRID ELITE (S/R),22/07/2024
AVANTE 1.6 DCT HYBRID ELITE (S/R),22/07/2024
AVANTE 1.6 DCT HYBRID ELITE (S/R),22/07/2024
AVANTE 1.6 DCT HYBRID ELITE (S/R),22/07/2024
AVANTE 1.6 DCT HYBRID ELITE (S/R),22/07/2024
AVANTE 1.6 DCT HYBRID ELITE (S/R),22/07/2024
AVANTE 1.6 DCT HYBRID ELITE (S/R),22/07/2024
AVANTE 1.6 DCT HYBRID ELITE (S/R),22/07/2024
AVANTE 1.6 DCT HYBRID ELITE (S/R),22/07/2024
AVANTE 1.6 DCT HYBRID ELITE (S/R),22/07/2024
AVANTE 1.6 DCT HYBRID ELITE (S/R),22/07/2024
AVANTE 1.6 DCT HYBRID ELITE (S/R),22/07/2024
SANTA FE 1.6 TURBO HYBRID (S/R) 6-SEATER,23/07/2024
KONA ELECTRIC,23/07/2024
AVANTE 1.6 DCT HYBRID ELITE (S/R),24/07/2024
KONA 1.6 DCT GL HYBRID (PHV),25/07/2024
KONA 1.6 DCT GL HYBRID (PHV),25/07/2024
KONA 1.6 DCT GL HYBRID (PHV),25/07/2024
KONA 1.6 DCT GL HYBRID (PHV),25/07/2024
IONIQ 6 ELECTRIC PRESTIGE 2WD,25/07/2024
"AVANTE 1.6 DCT HYBRID ""S"" (PHV)",25/07/2024
"AVANTE 1.6 DCT HYBRID ""S"" (PHV)",25/07/2024
"AVANTE 1.6 DCT HYBRID ""S"" (PHV)",25/07/2024
"AVANTE 1.6 DCT HYBRID ""S"" (PHV)",25/07/2024
"AVANTE 1.6 DCT HYBRID ""S"" (PHV)",25/07/2024
"AVANTE 1.6 DCT HYBRID ""S"" (PHV)",25/07/2024
"AVANTE 1.6 DCT HYBRID ""S"" (PHV)",25/07/2024
"AVANTE 1.6 DCT HYBRID ""S"" (PHV)",25/07/2024
"AVANTE 1.6 DCT HYBRID ""S"" (PHV)",25/07/2024
"AVANTE 1.6 DCT HYBRID ""S"" (PHV)",25/07/2024
"AVANTE 1.6 DCT HYBRID ""S"" (PHV)",25/07/2024
"AVANTE 1.6 DCT HYBRID ""S"" (PHV)",25/07/2024
AVANTE 1.6 DCT HYBRID ELITE (S/R),25/07/2024
SANTA FE 1.6 TURBO HYBRID (S/R) 7-SEATER,25/07/2024
AVANTE 1.6 DCT HYBRID ELITE (S/R),25/07/2024
KONA ELECTRIC S/R,25/07/2024
KONA ELECTRIC S/R,25/07/2024
KONA ELECTRIC S/R,25/07/2024
SANTA FE 1.6 TURBO HYBRID (S/R) 7-SEATER,26/07/2024
SANTA FE 1.6 TURBO HYBRID (S/R) 7-SEATER,26/07/2024
SANTA FE 1.6 TURBO HYBRID (S/R) 7-SEATER,27/07/2024
KONA ELECTRIC,27/07/2024
AVANTE 1.6 DCT HYBRID ELITE (S/R),27/07/2024
AVANTE 1.6 DCT HYBRID ELITE (S/R),27/07/2024
AVANTE 1.6 DCT HYBRID ELITE (S/R),27/07/2024
KONA 1.6 DCT GL HYBRID,27/07/2024
KONA ELECTRIC,27/07/2024
SANTA FE 1.6 TURBO HYBRID (S/R) 7-SEATER,27/07/2024
IONIQ 6 ELECTRIC EXCLUSIVE 2WD,27/07/2024
AVANTE 1.6 DCT HYBRID ELITE (S/R),27/07/2024
IONIQ 5 ELECTRIC PRESTIGE 2WD,27/07/2024
AVANTE 1.6 DCT HYBRID ELITE (S/R),28/07/2024
IONIQ 6 ELECTRIC INSPIRATION AWD,28/07/2024
IONIQ 5 ELECTRIC PRESTIGE 2WD,28/07/2024
IONIQ 5 ELECTRIC PRESTIGE 2WD,28/07/2024
SANTA FE 1.6 TURBO HYBRID (S/R) 7-SEATER,28/07/2024
IONIQ 5 ELECTRIC PRESTIGE 2WD,28/07/2024
SANTA FE 1.6 TURBO HYBRID (S/R) 6-SEATER,28/07/2024
IONIQ 5 ELECTRIC PRESTIGE 2WD,28/07/2024
IONIQ 6 ELECTRIC PRESTIGE 2WD 77KWH,28/07/2024
KONA 1.6 DCT GL HYBRID,28/07/2024
KONA 1.6 DCT HYBRID ELITE (S/R),29/07/2024
IONIQ 5 ELECTRIC PRESTIGE 2WD,29/07/2024
IONIQ 6 ELECTRIC PRESTIGE 2WD 77KWH,29/07/2024
IONIQ 6 ELECTRIC PRESTIGE 2WD,29/07/2024
IONIQ 5 ELECTRIC PRESTIGE 2WD,30/07/2024
AVANTE 1.6 DCT HYBRID ELITE (S/R),30/07/2024
IONIQ 5 ELECTRIC PRESTIGE 2WD,30/07/2024
IONIQ 6 ELECTRIC INSPIRATION AWD,30/07/2024
KONA 1.6 DCT HYBRID ELITE (S/R),30/07/2024
SANTA FE 1.6 TURBO HYBRID (S/R) 6-SEATER,31/07/2024
KONA 1.6 DCT HYBRID ELITE (S/R),31/07/2024
"AVANTE 1.6 DCT HYBRID ""S"" (PHV)",31/07/2024
"AVANTE 1.6 DCT HYBRID ""S"" (PHV)",31/07/2024
"AVANTE 1.6 DCT HYBRID ""S"" (PHV)",31/07/2024
KONA 1.6 DCT GL HYBRID,31/07/2024
IONIQ 6 ELECTRIC PRESTIGE 2WD,31/07/2024
KONA 1.6 DCT GL HYBRID,02/08/2024
SANTA FE 1.6 TURBO HYBRID 7-SEATER,02/08/2024
KONA 1.6 DCT HYBRID ELITE (S/R),02/08/2024
KONA 1.6 DCT HYBRID ELITE (S/R),02/08/2024
AVANTE 1.6 DCT HYBRID ELITE (S/R),03/08/2024
SANTA FE 1.6 TURBO HYBRID (S/R) 7-SEATER,03/08/2024
KONA ELECTRIC,03/08/2024
AVANTE 1.6 DCT HYBRID ELITE (S/R),03/08/2024
KONA 1.6 DCT HYBRID ELITE (S/R),03/08/2024
IONIQ 6 ELECTRIC EXCLUSIVE 2WD,03/08/2024
KONA 1.6 DCT GL HYBRID,03/08/2024
KONA 1.6 DCT GL HYBRID,04/08/2024
KONA 1.6 DCT GL HYBRID,04/08/2024
KONA 1.6 DCT GL HYBRID,04/08/2024
SANTA FE 1.6 TURBO HYBRID (S/R) 7-SEATER,04/08/2024
AVANTE 1.6 DCT HYBRID ELITE (S/R),04/08/2024
IONIQ 6 ELECTRIC PRESTIGE 2WD,04/08/2024
IONIQ 6 ELECTRIC INSPIRATION AWD,04/08/2024
IONIQ 6 ELECTRIC INSPIRATION AWD,04/08/2024
IONIQ 5 ELECTRIC PRESTIGE 2WD,04/08/2024
IONIQ 5 ELECTRIC PRESTIGE 2WD,04/08/2024
KONA 1.6 DCT HYBRID ELITE (S/R),04/08/2024
SANTA FE 1.6 TURBO HYBRID (S/R) 7-SEATER,05/08/2024
KONA 1.6 DCT HYBRID ELITE (S/R),05/08/2024
KONA 1.6 DCT HYBRID ELITE (S/R),05/08/2024
KONA 1.6 DCT HYBRID ELITE (S/R),05/08/2024
KONA 1.6 DCT HYBRID ELITE (S/R),05/08/2024
KONA 1.6 DCT HYBRID ELITE (S/R),05/08/2024
KONA ELECTRIC S/R (LONG RANGE),05/08/2024
IONIQ 6 ELECTRIC PRESTIGE 2WD 77KWH,05/08/2024
KONA 1.6 DCT GL HYBRID,06/08/2024
KONA 1.6 DCT HYBRID ELITE (S/R),06/08/2024
KONA 1.6 DCT GL HYBRID,06/08/2024
KONA 1.6 DCT GL HYBRID,06/08/2024
KONA 1.6 DCT GL HYBRID,06/08/2024
KONA 1.6 DCT GL HYBRID,06/08/2024
KONA 1.6 DCT GL HYBRID,06/08/2024
AVANTE 1.6 DCT HYBRID ELITE (S/R),06/08/2024
SANTA FE 1.6 TURBO HYBRID (S/R) 7-SEATER,06/08/2024
KONA 1.6 DCT HYBRID ELITE (S/R),06/08/2024
IONIQ 5 ELECTRIC PRESTIGE 2WD,06/08/2024
IONIQ 6 ELECTRIC PRESTIGE 2WD,07/08/2024
IONIQ 6 ELECTRIC PRESTIGE 2WD,07/08/2024
SANTA FE 1.6 TURBO HYBRID (S/R) 7-SEATER,07/08/2024
"AVANTE 1.6 DCT HYBRID ""S"" (PHV)",07/08/2024
"AVANTE 1.6 DCT HYBRID ""S"" (PHV)",07/08/2024
"AVANTE 1.6 DCT HYBRID ""S"" (PHV)",07/08/2024
"AVANTE 1.6 DCT HYBRID ""S"" (PHV)",07/08/2024
"AVANTE 1.6 DCT HYBRID ""S"" (PHV)",07/08/2024
"AVANTE 1.6 DCT HYBRID ""S"" (PHV)",07/08/2024
"AVANTE 1.6 DCT HYBRID ""S"" (PHV)",07/08/2024
"AVANTE 1.6 DCT HYBRID ""S"" (PHV)",07/08/2024
"AVANTE 1.6 DCT HYBRID ""S"" (PHV)",07/08/2024
"AVANTE 1.6 DCT HYBRID ""S"" (PHV)",07/08/2024
"AVANTE 1.6 DCT HYBRID ""S"" (PHV)",07/08/2024
"AVANTE 1.6 DCT HYBRID ""S"" (PHV)",07/08/2024
"AVANTE 1.6 DCT HYBRID ""S"" (PHV)",07/08/2024
AVANTE 1.6 DCT HYBRID ELITE (S/R),08/08/2024
AVANTE 1.6 DCT HYBRID ELITE (S/R),08/08/2024
AVANTE 1.6 DCT HYBRID ELITE (S/R),08/08/2024
AVANTE 1.6 DCT HYBRID ELITE (S/R),08/08/2024
AVANTE 1.6 DCT HYBRID ELITE (S/R),08/08/2024
AVANTE 1.6 DCT HYBRID ELITE (S/R),08/08/2024
AVANTE 1.6 DCT HYBRID ELITE (S/R),08/08/2024
AVANTE 1.6 DCT HYBRID ELITE (S/R),08/08/2024
AVANTE 1.6 DCT HYBRID ELITE (S/R),08/08/2024
AVANTE 1.6 DCT HYBRID ELITE (S/R),08/08/2024
AVANTE 1.6 DCT HYBRID ELITE (S/R),08/08/2024
AVANTE 1.6 DCT HYBRID ELITE (S/R),08/08/2024
AVANTE 1.6 DCT HYBRID ELITE (S/R),08/08/2024
AVANTE 1.6 DCT HYBRID ELITE (S/R),08/08/2024
AVANTE 1.6 DCT HYBRID ELITE (S/R),08/08/2024
AVANTE 1.6 DCT HYBRID ELITE (S/R),08/08/2024
AVANTE 1.6 DCT HYBRID ELITE (S/R),08/08/2024
AVANTE 1.6 DCT HYBRID ELITE (S/R),08/08/2024
AVANTE 1.6 DCT HYBRID ELITE (S/R),08/08/2024
AVANTE 1.6 DCT HYBRID ELITE (S/R),08/08/2024
KONA 1.6 DCT GL HYBRID (PHV),08/08/2024
KONA 1.6 DCT GL HYBRID (PHV),08/08/2024
KONA 1.6 DCT GL HYBRID (PHV),08/08/2024
KONA 1.6 DCT GL HYBRID (PHV),08/08/2024
KONA 1.6 DCT GL HYBRID (PHV),08/08/2024
KONA 1.6 DCT GL HYBRID (PHV),08/08/2024
KONA 1.6 DCT GL HYBRID (PHV),08/08/2024
KONA 1.6 DCT GL HYBRID (PHV),08/08/2024
SANTA FE 1.6 TURBO HYBRID (S/R) 7-SEATER,09/08/2024
SANTA FE 1.6 TURBO HYBRID (S/R) 7-SEATER,09/08/2024
IONIQ 5 ELECTRIC PRESTIGE 2WD,11/08/2024
SANTA FE 1.6 TURBO HYBRID 7-SEATER,12/08/2024
KONA 1.6 DCT HYBRID ELITE (S/R),12/08/2024
IONIQ 5 ELECTRIC PRESTIGE 2WD,13/08/2024
IONIQ 5 ELECTRIC PRESTIGE 2WD,14/08/2024
"AVANTE 1.6 DCT HYBRID ""S"" (PHV)",15/08/2024
"AVANTE 1.6 DCT HYBRID ""S"" (PHV)",15/08/2024
"AVANTE 1.6 DCT HYBRID ""S"" (PHV)",15/08/2024
"AVANTE 1.6 DCT HYBRID ""S"" (PHV)",15/08/2024
"AVANTE 1.6 DCT HYBRID ""S"" (PHV)",15/08/2024
"AVANTE 1.6 DCT HYBRID ""S"" (PHV)",15/08/2024
"AVANTE 1.6 DCT HYBRID ""S"" (PHV)",15/08/2024
"AVANTE 1.6 DCT HYBRID ""S"" (PHV)",15/08/2024
"AVANTE 1.6 DCT HYBRID ""S"" (PHV)",15/08/2024
SANTA FE 1.6 TURBO HYBRID (S/R) 7-SEATER,15/08/2024
IONIQ 5 ELECTRIC PRESTIGE 2WD,17/08/2024
KONA 1.6 DCT HYBRID ELITE (S/R),18/08/2024
IONIQ 6 ELECTRIC PRESTIGE 2WD,18/08/2024
SANTA FE 1.6 TURBO HYBRID (S/R) 7-SEATER,18/08/2024
SANTA FE 1.6 TURBO HYBRID (S/R) 7-SEATER,18/08/2024
KONA 1.6 DCT GL HYBRID,18/08/2024
KONA 1.6 DCT HYBRID ELITE (S/R),18/08/2024
KONA ELECTRIC S/R,18/08/2024
IONIQ 5 ELECTRIC PRESTIGE 2WD,18/08/2024
IONIQ 6 ELECTRIC PRESTIGE 2WD,18/08/2024
IONIQ 6 ELECTRIC PRESTIGE 2WD,18/08/2024
IONIQ 5 ELECTRIC PRESTIGE 2WD,19/08/2024
KONA 1.6 DCT HYBRID ELITE (S/R),19/08/2024
KONA 1.6 DCT HYBRID ELITE (S/R),19/08/2024
IONIQ 6 ELECTRIC PRESTIGE 2WD,19/08/2024
AVANTE 1.6 DCT HYBRID ELITE (S/R),20/08/2024
AVANTE 1.6 DCT HYBRID ELITE (S/R),20/08/2024
AVANTE 1.6 DCT HYBRID ELITE (S/R),20/08/2024
AVANTE 1.6 DCT HYBRID ELITE (S/R),20/08/2024
AVANTE 1.6 DCT HYBRID ELITE (S/R),20/08/2024
AVANTE 1.6 DCT HYBRID ELITE (S/R),20/08/2024
AVANTE 1.6 DCT HYBRID ELITE (S/R),20/08/2024
AVANTE 1.6 DCT HYBRID ELITE (S/R),20/08/2024
AVANTE 1.6 DCT HYBRID ELITE (S/R),20/08/2024
AVANTE 1.6 DCT HYBRID ELITE (S/R),20/08/2024
IONIQ 5 ELECTRIC PRESTIGE 2WD,20/08/2024
IONIQ 5 ELECTRIC PRESTIGE 2WD,20/08/2024
AVANTE 1.6 DCT HYBRID ELITE (S/R),21/08/2024
AVANTE 1.6 DCT HYBRID ELITE (S/R),21/08/2024
KONA ELECTRIC,21/08/2024
KONA ELECTRIC,21/08/2024
KONA ELECTRIC,21/08/2024
KONA ELECTRIC,21/08/2024
KONA ELECTRIC,21/08/2024
KONA 1.6 DCT HYBRID ELITE (S/R),22/08/2024
SANTA FE 1.6 TURBO HYBRID (S/R) 7-SEATER,22/08/2024
"AVANTE 1.6 DCT HYBRID ""S"" (PHV)",22/08/2024
"AVANTE 1.6 DCT HYBRID ""S"" (PHV)",22/08/2024
AVANTE 1.6 DCT HYBRID ELITE (S/R),23/08/2024
AVANTE 1.6 DCT HYBRID ELITE (S/R),23/08/2024
AVANTE 1.6 DCT HYBRID ELITE (S/R),23/08/2024
AVANTE 1.6 DCT HYBRID ELITE (S/R),23/08/2024
AVANTE 1.6 DCT HYBRID ELITE (S/R),23/08/2024
AVANTE 1.6 DCT HYBRID ELITE (S/R),23/08/2024
AVANTE 1.6 DCT HYBRID ELITE (S/R),23/08/2024
AVANTE 1.6 DCT HYBRID ELITE (S/R),23/08/2024
AVANTE 1.6 DCT HYBRID ELITE (S/R),23/08/2024
AVANTE 1.6 DCT HYBRID ELITE (S/R),23/08/2024
SANTA FE 1.6 TURBO HYBRID (S/R) 7-SEATER,24/08/2024
SANTA FE 1.6 TURBO HYBRID (S/R) 7-SEATER,24/08/2024
KONA ELECTRIC S/R,25/08/2024
IONIQ 5 ELECTRIC PRESTIGE 2WD,25/08/2024
KONA 1.6 DCT HYBRID ELITE (S/R),25/08/2024
AVANTE 1.6 DCT HYBRID ELITE (S/R),25/08/2024
SANTA FE 1.6 TURBO HYBRID (S/R) 7-SEATER,25/08/2024
AVANTE 1.6 DCT HYBRID ELITE (S/R),25/08/2024
IONIQ 5 ELECTRIC PRESTIGE 2WD,25/08/2024
SANTA FE 1.6 TURBO HYBRID (S/R) 7-SEATER,26/08/2024
SANTA FE 1.6 TURBO HYBRID (S/R) 7-SEATER,26/08/2024
SANTA FE 1.6 TURBO HYBRID (S/R) 7-SEATER,26/08/2024
SANTA FE 1.6 TURBO HYBRID 7-SEATER,26/08/2024
SANTA FE 1.6 TURBO HYBRID (S/R) 7-SEATER,26/08/2024
AVANTE 1.6 DCT HYBRID ELITE (S/R),27/08/2024
KONA ELECTRIC S/R,28/08/2024
"AVANTE 1.6 DCT HYBRID ""S"" (PHV)",29/08/2024
"AVANTE 1.6 DCT HYBRID ""S"" (PHV)",29/08/2024
"AVANTE 1.6 DCT HYBRID ""S"" (PHV)",29/08/2024
AVANTE 1.6 DCT HYBRID ELITE (S/R),29/08/2024
"AVANTE 1.6 DCT HYBRID ""S"" (PHV)",29/08/2024
"AVANTE 1.6 DCT HYBRID ""S"" (PHV)",29/08/2024
"AVANTE 1.6 DCT HYBRID ""S"" (PHV)",29/08/2024
"AVANTE 1.6 DCT HYBRID ""S"" (PHV)",29/08/2024
"AVANTE 1.6 DCT HYBRID ""S"" (PHV)",29/08/2024
"AVANTE 1.6 DCT HYBRID ""S"" (PHV)",29/08/2024
"AVANTE 1.6 DCT HYBRID ""S"" (PHV)",29/08/2024
"AVANTE 1.6 DCT HYBRID ""S"" (PHV)",29/08/2024
KONA ELECTRIC,30/08/2024
KONA 1.6 DCT GL HYBRID,30/08/2024
KONA 1.6 DCT GL HYBRID,30/08/2024
IONIQ 5 ELECTRIC PRESTIGE 2WD,30/08/2024
SANTA FE 1.6 TURBO HYBRID (S/R) 7-SEATER,31/08/2024
IONIQ 5 ELECTRIC PRESTIGE 2WD,31/08/2024
SANTA FE 1.6 TURBO HYBRID (S/R) 7-SEATER,31/08/2024
KONA 1.6 DCT HYBRID ELITE (S/R),31/08/2024
IONIQ 6 ELECTRIC PRESTIGE 2WD,31/08/2024
SANTA FE 1.6 TURBO HYBRID (S/R) 7-SEATER,01/09/2024
KONA 1.6 DCT HYBRID ELITE (S/R),01/09/2024
SANTA FE 1.6 TURBO HYBRID (S/R) 7-SEATER,01/09/2024
SANTA FE 1.6 TURBO HYBRID (S/R) 7-SEATER,01/09/2024
IONIQ 5 ELECTRIC PRESTIGE 2WD,01/09/2024
KONA 1.6 DCT HYBRID ELITE (S/R),01/09/2024
KONA ELECTRIC,01/09/2024
IONIQ 6 ELECTRIC PRESTIGE 2WD,01/09/2024
KONA 1.6 DCT HYBRID ELITE (S/R),01/09/2024
SANTA FE 1.6 TURBO HYBRID (S/R) 7-SEATER,01/09/2024
SANTA FE 1.6 TURBO HYBRID (S/R) 7-SEATER,01/09/2024
PALISADE 3.5 GLS AUTO (S/R) 7-SEATER,01/09/2024
KONA 1.6 DCT GL HYBRID,01/09/2024
IONIQ 6 ELECTRIC PRESTIGE 2WD,01/09/2024
AVANTE 1.6 DCT HYBRID ELITE (S/R),02/09/2024
KONA 1.6 DCT HYBRID ELITE (S/R),02/09/2024
SANTA FE 1.6 TURBO HYBRID (S/R) 7-SEATER,02/09/2024
KONA 1.6 DCT HYBRID ELITE (S/R),02/09/2024
AVANTE 1.6 DCT HYBRID ELITE (S/R),02/09/2024
IONIQ 5 ELECTRIC PRESTIGE 2WD,02/09/2024
IONIQ 5 ELECTRIC PRESTIGE 2WD,02/09/2024
SANTA FE 1.6 TURBO HYBRID (S/R) 7-SEATER,03/09/2024
IONIQ 5 ELECTRIC PRESTIGE 2WD,03/09/2024
KONA 1.6 DCT GL HYBRID,04/09/2024
"AVANTE 1.6 DCT HYBRID ""S"" (PHV)",04/09/2024
"AVANTE 1.6 DCT HYBRID ""S"" (PHV)",04/09/2024
"AVANTE 1.6 DCT HYBRID ""S"" (PHV)",04/09/2024
"AVANTE 1.6 DCT HYBRID ""S"" (PHV)",04/09/2024
"AVANTE 1.6 DCT HYBRID ""S"" (PHV)",04/09/2024
"AVANTE 1.6 DCT HYBRID ""S"" (PHV)",04/09/2024
"AVANTE 1.6 DCT HYBRID ""S"" (PHV)",04/09/2024
"AVANTE 1.6 DCT HYBRID ""S"" (PHV)",04/09/2024
"AVANTE 1.6 DCT HYBRID ""S"" (PHV)",04/09/2024
"AVANTE 1.6 DCT HYBRID ""S"" (PHV)",04/09/2024
IONIQ 5 ELECTRIC PRESTIGE 2WD,06/09/2024
KONA 1.6 DCT GL HYBRID,08/09/2024
SANTA FE 1.6 TURBO HYBRID (S/R) 7-SEATER,08/09/2024
KONA 1.6 DCT HYBRID ELITE (S/R),08/09/2024
KONA 1.6 DCT HYBRID ELITE (S/R),08/09/2024
SANTA FE 1.6 TURBO HYBRID (S/R) 7-SEATER,08/09/2024
AVANTE 1.6 DCT HYBRID ELITE (S/R),08/09/2024
IONIQ 6 ELECTRIC PRESTIGE 2WD,08/09/2024
SANTA FE 1.6 TURBO HYBRID (S/R) 7-SEATER,09/09/2024
KONA 1.6 DCT HYBRID ELITE (S/R),09/09/2024
"AVANTE 1.6 DCT HYBRID ""S"" (PHV)",10/09/2024
IONIQ 6 ELECTRIC EXCLUSIVE 2WD,10/09/2024
IONIQ 6 ELECTRIC PRESTIGE 2WD,10/09/2024
IONIQ 5 ELECTRIC PRESTIGE 2WD,10/09/2024
"AVANTE 1.6 DCT HYBRID ""S"" (PHV)",11/09/2024
"AVANTE 1.6 DCT HYBRID ""S"" (PHV)",11/09/2024
"AVANTE 1.6 DCT HYBRID ""S"" (PHV)",11/09/2024
"AVANTE 1.6 DCT HYBRID ""S"" (PHV)",11/09/2024
"AVANTE 1.6 DCT HYBRID ""S"" (PHV)",11/09/2024
"AVANTE 1.6 DCT HYBRID ""S"" (PHV)",11/09/2024
"AVANTE 1.6 DCT HYBRID ""S"" (PHV)",11/09/2024
"AVANTE 1.6 DCT HYBRID ""S"" (PHV)",11/09/2024
"AVANTE 1.6 DCT HYBRID ""S"" (PHV)",11/09/2024
"AVANTE 1.6 DCT HYBRID ""S"" (PHV)",11/09/2024
SANTA FE 1.6 TURBO HYBRID (S/R) 7-SEATER,11/09/2024
KONA 1.6 DCT GL HYBRID,12/09/2024
"AVANTE 1.6 DCT HYBRID ""S"" (PHV)",12/09/2024
"AVANTE 1.6 DCT HYBRID ""S"" (PHV)",12/09/2024
IONIQ 5 ELECTRIC PRESTIGE 2WD,13/09/2024
KONA 1.6 DCT HYBRID ELITE (S/R),14/09/2024
KONA 1.6 DCT GL HYBRID,14/09/2024
KONA 1.6 DCT HYBRID ELITE (S/R),14/09/2024
SANTA FE 1.6 TURBO HYBRID (S/R) 7-SEATER,15/09/2024
IONIQ 5 ELECTRIC PRESTIGE 2WD,15/09/2024
IONIQ 5 ELECTRIC PRESTIGE 2WD,15/09/2024
IONIQ 6 ELECTRIC PRESTIGE 2WD,15/09/2024
IONIQ 6 ELECTRIC PRESTIGE 2WD,15/09/2024
KONA 1.6 DCT HYBRID ELITE (S/R),15/09/2024
KONA 1.6 DCT HYBRID ELITE (S/R),15/09/2024
KONA 1.6 DCT HYBRID ELITE (S/R),16/09/2024
KONA 1.6 DCT GL HYBRID,16/09/2024
IONIQ 5 ELECTRIC PRESTIGE 2WD,16/09/2024
KONA 1.6 DCT GL HYBRID,16/09/2024
"AVANTE 1.6 DCT HYBRID ""S""",16/09/2024
SANTA FE 1.6 TURBO HYBRID 7-SEATER,17/09/2024
SANTA FE 1.6 TURBO HYBRID (S/R) 6-SEATER,17/09/2024
SANTA FE 1.6 TURBO HYBRID 7-SEATER,17/09/2024
KONA 1.6 DCT GL HYBRID,17/09/2024
KONA 1.6 DCT HYBRID ELITE (S/R),17/09/2024
